Estero,Comunidad,Fecha ,Numero de entrevista,Especie,Presencia
Bahia Adair,PP-P,05/20/2008,07,Aguila,1
Bahia Adair,PP-P,05/20/2008,07,Almeja chione,1
Bahia Adair,PP-P,05/20/2008,07,Anchoa,0
Bahia Adair,PP-P,05/20/2008,07,Angel,0
Bahia Adair,PP-P,05/20/2008,07,Anguila,1
Bahia Adair,PP-P,05/20/2008,07,Baqueta,1
Bahia Adair,PP-P,05/20/2008,07,Baya,0
Bahia Adair,PP-P,05/20/2008,07,Bocadulce,0
Bahia Adair,PP-P,05/20/2008,07,Botete,0
Bahia Adair,PP-P,05/20/2008,07,Buho,0
Bahia Adair,PP-P,05/20/2008,07,Cabrilla,0
Bahia Adair,PP-P,05/20/2008,07,Callo de hacha,0
Bahia Adair,PP-P,05/20/2008,07,Camaron azul,0
Bahia Adair,PP-P,05/20/2008,07,Camaron cafe,0
Bahia Adair,PP-P,05/20/2008,07,Camaron fantasma,0
Bahia Adair,PP-P,05/20/2008,07,Cangrejo violinista,0
Bahia Adair,PP-P,05/20/2008,07,Caracol,0
Bahia Adair,PP-P,05/20/2008,07,Caracol burro,1
Bahia Adair,PP-P,05/20/2008,07,Caracol chino,1
Bahia Adair,PP-P,05/20/2008,07,Cochi,1
Bahia Adair,PP-P,05/20/2008,07,Conejo cola blanca,1
Bahia Adair,PP-P,05/20/2008,07,Correcaminos,0
Bahia Adair,PP-P,05/20/2008,07,Coyote,1
Bahia Adair,PP-P,05/20/2008,07,Curbina plateada,1
Bahia Adair,PP-P,05/20/2008,07,Delfin,1
Bahia Adair,PP-P,05/20/2008,07,Escuela de peces,1
Bahia Adair,PP-P,05/20/2008,07,Gallito marino,1
Bahia Adair,PP-P,05/20/2008,07,Garza azul,1
Bahia Adair,PP-P,05/20/2008,07,Gaviota,1
Bahia Adair,PP-P,05/20/2008,07,Gobidos,0
Bahia Adair,PP-P,05/20/2008,07,Guitarra,1
Bahia Adair,PP-P,05/20/2008,07,Jaiba,0
Bahia Adair,PP-P,05/20/2008,07,Lenguado,0
Bahia Adair,PP-P,05/20/2008,07,Lisa,1
Bahia Adair,PP-P,05/20/2008,07,Manta arenera,1
Bahia Adair,PP-P,05/20/2008,07,Manta mariposa,0
Bahia Adair,PP-P,05/20/2008,07,Mojarra,0
Bahia Adair,PP-P,05/20/2008,07,Ostion,0
Bahia Adair,PP-P,05/20/2008,07,Ostrero,1
Bahia Adair,PP-P,05/20/2008,07,Pajarito piquilargo,1
Bahia Adair,PP-P,05/20/2008,07,Pato,1
Bahia Adair,PP-P,05/20/2008,07,Pelicano,1
Bahia Adair,PP-P,05/20/2008,07,Pampano,1
Bahia Adair,PP-P,05/20/2008,07,Pulpo,0
Bahia Adair,PP-P,05/20/2008,07,Sierra,0
Bahia Adair,PP-P,05/20/2008,07,Tiburon,1
Bahia Adair,PP-P,05/20/2008,07,Tortuga,1
Bahia Adair,PP-P,05/20/2008,07,Vibora de cascabel,1
Bahia Adair,PP-P,05/20/2008,07,Deditos-Batis,0
Bahia Adair,PP-P,05/20/2008,07,Sarcocornia pacifica,0
Bahia Adair,PP-P,05/20/2008,07,Batis maritima,0
Bahia Adair,PP-P,05/20/2008,07,Bichi,0
La Salina,EC-O,05/20/2008,01,Aguila,1
La Salina,EC-O,05/20/2008,01,Almeja chione,1
La Salina,EC-O,05/20/2008,01,Anchoa,0
La Salina,EC-O,05/20/2008,01,Angel,0
La Salina,EC-O,05/20/2008,01,Anguila,1
La Salina,EC-O,05/20/2008,01,Baqueta,0
La Salina,EC-O,05/20/2008,01,Baya,0
La Salina,EC-O,05/20/2008,01,Bocadulce,1
La Salina,EC-O,05/20/2008,01,Botete,1
La Salina,EC-O,05/20/2008,01,Buho,0
La Salina,EC-O,05/20/2008,01,Cabrilla,0
La Salina,EC-O,05/20/2008,01,Callo de hacha,1
La Salina,EC-O,05/20/2008,01,Camaron azul,1
La Salina,EC-O,05/20/2008,01,Camaron cafe,0
La Salina,EC-O,05/20/2008,01,Camaron fantasma,0
La Salina,EC-O,05/20/2008,01,Cangrejo violinista,1
La Salina,EC-O,05/20/2008,01,Caracol,0
La Salina,EC-O,05/20/2008,01,Caracol burro,1
La Salina,EC-O,05/20/2008,01,Caracol chino,1
La Salina,EC-O,05/20/2008,01,Cochi,0
La Salina,EC-O,05/20/2008,01,Conejo cola blanca,0
La Salina,EC-O,05/20/2008,01,Correcaminos,1
La Salina,EC-O,05/20/2008,01,Coyote,0
La Salina,EC-O,05/20/2008,01,Curbina plateada,1
La Salina,EC-O,05/20/2008,01,Delfin,1
La Salina,EC-O,05/20/2008,01,Escuela de peces,1
La Salina,EC-O,05/20/2008,01,Gallito marino,1
La Salina,EC-O,05/20/2008,01,Garza azul,1
La Salina,EC-O,05/20/2008,01,Gaviota,1
La Salina,EC-O,05/20/2008,01,Gobidos,0
La Salina,EC-O,05/20/2008,01,Guitarra,1
La Salina,EC-O,05/20/2008,01,Jaiba,1
La Salina,EC-O,05/20/2008,01,Lenguado,1
La Salina,EC-O,05/20/2008,01,Lisa,1
La Salina,EC-O,05/20/2008,01,Manta arenera,1
La Salina,EC-O,05/20/2008,01,Manta mariposa,1
La Salina,EC-O,05/20/2008,01,Mojarra,0
La Salina,EC-O,05/20/2008,01,Ostion,1
La Salina,EC-O,05/20/2008,01,Ostrero,1
La Salina,EC-O,05/20/2008,01,Pajarito piquilargo,1
La Salina,EC-O,05/20/2008,01,Pato,0
La Salina,EC-O,05/20/2008,01,Pelicano,1
La Salina,EC-O,05/20/2008,01,Pampano,1
La Salina,EC-O,05/20/2008,01,Pulpo,1
La Salina,EC-O,05/20/2008,01,Sierra,1
La Salina,EC-O,05/20/2008,01,Tiburon,1
La Salina,EC-O,05/20/2008,01,Tortuga,1
La Salina,EC-O,05/20/2008,01,Vibora de cascabel,0
La Salina,EC-O,05/20/2008,01,Deditos-Batis,0
La Salina,EC-O,05/20/2008,01,Sarcocornia pacifica,0
La Salina,EC-O,05/20/2008,01,Batis maritima,0
La Salina,EC-O,05/20/2008,01,Bichi,0
La Salina ,EC-O,05/06/2008,02,Aguila,1
La Salina ,EC-O,05/06/2008,02,Almeja chione,1
La Salina ,EC-O,05/06/2008,02,Anchoa,0
La Salina ,EC-O,05/06/2008,02,Angel,0
La Salina ,EC-O,05/06/2008,02,Anguila,0
La Salina ,EC-O,05/06/2008,02,Baqueta,0
La Salina ,EC-O,05/06/2008,02,Baya,0
La Salina ,EC-O,05/06/2008,02,Bocadulce,0
La Salina ,EC-O,05/06/2008,02,Botete,1
La Salina ,EC-O,05/06/2008,02,Buho,0
La Salina ,EC-O,05/06/2008,02,Cabrilla,0
La Salina ,EC-O,05/06/2008,02,Callo de hacha,1
La Salina ,EC-O,05/06/2008,02,Camaron azul,1
La Salina ,EC-O,05/06/2008,02,Camaron cafe,1
La Salina ,EC-O,05/06/2008,02,Camaron fantasma,0
La Salina ,EC-O,05/06/2008,02,Cangrejo violinista,0
La Salina ,EC-O,05/06/2008,02,Caracol,0
La Salina ,EC-O,05/06/2008,02,Caracol burro,0
La Salina ,EC-O,05/06/2008,02,Caracol chino,0
La Salina ,EC-O,05/06/2008,02,Cochi,0
La Salina ,EC-O,05/06/2008,02,Conejo cola blanca,1
La Salina ,EC-O,05/06/2008,02,Correcaminos,0
La Salina ,EC-O,05/06/2008,02,Coyote,1
La Salina ,EC-O,05/06/2008,02,Curbina plateada,0
La Salina ,EC-O,05/06/2008,02,Delfin,1
La Salina ,EC-O,05/06/2008,02,Escuela de peces,1
La Salina ,EC-O,05/06/2008,02,Gallito marino,1
La Salina ,EC-O,05/06/2008,02,Garza azul,1
La Salina ,EC-O,05/06/2008,02,Gaviota,0
La Salina ,EC-O,05/06/2008,02,Gobidos,0
La Salina ,EC-O,05/06/2008,02,Guitarra,0
La Salina ,EC-O,05/06/2008,02,Jaiba,1
La Salina ,EC-O,05/06/2008,02,Lenguado,1
La Salina ,EC-O,05/06/2008,02,Lisa,1
La Salina ,EC-O,05/06/2008,02,Manta arenera,1
La Salina ,EC-O,05/06/2008,02,Manta mariposa,1
La Salina ,EC-O,05/06/2008,02,Mojarra,0
La Salina ,EC-O,05/06/2008,02,Ostion,0
La Salina ,EC-O,05/06/2008,02,Ostrero,0
La Salina ,EC-O,05/06/2008,02,Pajarito piquilargo,1
La Salina ,EC-O,05/06/2008,02,Pato,0
La Salina ,EC-O,05/06/2008,02,Pelicano,0
La Salina ,EC-O,05/06/2008,02,Pampano,1
La Salina ,EC-O,05/06/2008,02,Pulpo,1
La Salina ,EC-O,05/06/2008,02,Sierra,0
La Salina ,EC-O,05/06/2008,02,Tiburon,1
La Salina ,EC-O,05/06/2008,02,Tortuga,1
La Salina ,EC-O,05/06/2008,02,Vibora de cascabel,1
La Salina ,EC-O,05/06/2008,02,Deditos-Batis,0
La Salina ,EC-O,05/06/2008,02,Sarcocornia pacifica,0
La Salina ,EC-O,05/06/2008,02,Batis maritima,0
La Salina ,EC-O,05/06/2008,02,Bichi,1
La Salina ,EC-O,05/06/2008,03,Aguila,0
La Salina ,EC-O,05/06/2008,03,Almeja chione,0
La Salina ,EC-O,05/06/2008,03,Anchoa,0
La Salina ,EC-O,05/06/2008,03,Angel,0
La Salina ,EC-O,05/06/2008,03,Anguila,0
La Salina ,EC-O,05/06/2008,03,Baqueta,0
La Salina ,EC-O,05/06/2008,03,Baya,0
La Salina ,EC-O,05/06/2008,03,Bocadulce,1
La Salina ,EC-O,05/06/2008,03,Botete,0
La Salina ,EC-O,05/06/2008,03,Buho,1
La Salina ,EC-O,05/06/2008,03,Cabrilla,1
La Salina ,EC-O,05/06/2008,03,Callo de hacha,0
La Salina ,EC-O,05/06/2008,03,Camaron azul,0
La Salina ,EC-O,05/06/2008,03,Camaron cafe,1
La Salina ,EC-O,05/06/2008,03,Camaron fantasma,1
La Salina ,EC-O,05/06/2008,03,Cangrejo violinista,1
La Salina ,EC-O,05/06/2008,03,Caracol,1
La Salina ,EC-O,05/06/2008,03,Caracol burro,1
La Salina ,EC-O,05/06/2008,03,Caracol chino,1
La Salina ,EC-O,05/06/2008,03,Cochi,0
La Salina ,EC-O,05/06/2008,03,Conejo cola blanca,1
La Salina ,EC-O,05/06/2008,03,Correcaminos,1
La Salina ,EC-O,05/06/2008,03,Coyote,1
La Salina ,EC-O,05/06/2008,03,Curbina plateada,1
La Salina ,EC-O,05/06/2008,03,Delfin,0
La Salina ,EC-O,05/06/2008,03,Escuela de peces,1
La Salina ,EC-O,05/06/2008,03,Gallito marino,1
La Salina ,EC-O,05/06/2008,03,Garza azul,1
La Salina ,EC-O,05/06/2008,03,Gaviota,1
La Salina ,EC-O,05/06/2008,03,Gobidos,0
La Salina ,EC-O,05/06/2008,03,Guitarra,1
La Salina ,EC-O,05/06/2008,03,Jaiba,1
La Salina ,EC-O,05/06/2008,03,Lenguado,1
La Salina ,EC-O,05/06/2008,03,Lisa,0
La Salina ,EC-O,05/06/2008,03,Manta arenera,1
La Salina ,EC-O,05/06/2008,03,Manta mariposa,0
La Salina ,EC-O,05/06/2008,03,Mojarra,0
La Salina ,EC-O,05/06/2008,03,Ostion,0
La Salina ,EC-O,05/06/2008,03,Ostrero,0
La Salina ,EC-O,05/06/2008,03,Pajarito piquilargo,1
La Salina ,EC-O,05/06/2008,03,Pato,0
La Salina ,EC-O,05/06/2008,03,Pelicano,1
La Salina ,EC-O,05/06/2008,03,Pampano,0
La Salina ,EC-O,05/06/2008,03,Pulpo,1
La Salina ,EC-O,05/06/2008,03,Sierra,1
La Salina ,EC-O,05/06/2008,03,Tiburon,1
La Salina ,EC-O,05/06/2008,03,Tortuga,1
La Salina ,EC-O,05/06/2008,03,Vibora de cascabel,1
La Salina ,EC-O,05/06/2008,03,Deditos-Batis,0
La Salina ,EC-O,05/06/2008,03,Sarcocornia pacifica,0
La Salina ,EC-O,05/06/2008,03,Batis maritima,0
La Salina ,EC-O,05/06/2008,03,Bichi,0
NA,EC-O,05/06/2008,04,Aguila,0
NA,EC-O,05/06/2008,04,Almeja chione,1
NA,EC-O,05/06/2008,04,Anchoa,0
NA,EC-O,05/06/2008,04,Angel,0
NA,EC-O,05/06/2008,04,Anguila,0
NA,EC-O,05/06/2008,04,Baqueta,0
NA,EC-O,05/06/2008,04,Baya,0
NA,EC-O,05/06/2008,04,Bocadulce,0
NA,EC-O,05/06/2008,04,Botete,0
NA,EC-O,05/06/2008,04,Buho,1
NA,EC-O,05/06/2008,04,Cabrilla,0
NA,EC-O,05/06/2008,04,Callo de hacha,0
NA,EC-O,05/06/2008,04,Camaron azul,0
NA,EC-O,05/06/2008,04,Camaron cafe,0
NA,EC-O,05/06/2008,04,Camaron fantasma,0
NA,EC-O,05/06/2008,04,Cangrejo violinista,0
NA,EC-O,05/06/2008,04,Caracol,0
NA,EC-O,05/06/2008,04,Caracol burro,0
NA,EC-O,05/06/2008,04,Caracol chino,0
NA,EC-O,05/06/2008,04,Cochi,0
NA,EC-O,05/06/2008,04,Conejo cola blanca,1
NA,EC-O,05/06/2008,04,Correcaminos,1
NA,EC-O,05/06/2008,04,Coyote,1
NA,EC-O,05/06/2008,04,Curbina plateada,0
NA,EC-O,05/06/2008,04,Delfin,0
NA,EC-O,05/06/2008,04,Escuela de peces,0
NA,EC-O,05/06/2008,04,Gallito marino,0
NA,EC-O,05/06/2008,04,Garza azul,1
NA,EC-O,05/06/2008,04,Gaviota,1
NA,EC-O,05/06/2008,04,Gobidos,0
NA,EC-O,05/06/2008,04,Guitarra,1
NA,EC-O,05/06/2008,04,Jaiba,1
NA,EC-O,05/06/2008,04,Lenguado,1
NA,EC-O,05/06/2008,04,Lisa,0
NA,EC-O,05/06/2008,04,Manta arenera,1
NA,EC-O,05/06/2008,04,Manta mariposa,0
NA,EC-O,05/06/2008,04,Mojarra,0
NA,EC-O,05/06/2008,04,Ostion,0
NA,EC-O,05/06/2008,04,Ostrero,1
NA,EC-O,05/06/2008,04,Pajarito piquilargo,1
NA,EC-O,05/06/2008,04,Pato,0
NA,EC-O,05/06/2008,04,Pelicano,1
NA,EC-O,05/06/2008,04,Pampano,1
NA,EC-O,05/06/2008,04,Pulpo,1
NA,EC-O,05/06/2008,04,Sierra,1
NA,EC-O,05/06/2008,04,Tiburon,1
NA,EC-O,05/06/2008,04,Tortuga,0
NA,EC-O,05/06/2008,04,Vibora de cascabel,1
NA,EC-O,05/06/2008,04,Deditos-Batis,0
NA,EC-O,05/06/2008,04,Sarcocornia pacifica,0
NA,EC-O,05/06/2008,04,Batis maritima,0
NA,EC-O,05/06/2008,04,Bichi,0
NA,EC-O,05/09/2008,06,Aguila,1
NA,EC-O,05/09/2008,06,Almeja chione,1
NA,EC-O,05/09/2008,06,Anchoa,0
NA,EC-O,05/09/2008,06,Angel,0
NA,EC-O,05/09/2008,06,Anguila,0
NA,EC-O,05/09/2008,06,Baqueta,0
NA,EC-O,05/09/2008,06,Baya,1
NA,EC-O,05/09/2008,06,Bocadulce,0
NA,EC-O,05/09/2008,06,Botete,1
NA,EC-O,05/09/2008,06,Buho,0
NA,EC-O,05/09/2008,06,Cabrilla,1
NA,EC-O,05/09/2008,06,Callo de hacha,0
NA,EC-O,05/09/2008,06,Camaron azul,1
NA,EC-O,05/09/2008,06,Camaron cafe,0
NA,EC-O,05/09/2008,06,Camaron fantasma,0
NA,EC-O,05/09/2008,06,Cangrejo violinista,0
NA,EC-O,05/09/2008,06,Caracol,1
NA,EC-O,05/09/2008,06,Caracol burro,1
NA,EC-O,05/09/2008,06,Caracol chino,1
NA,EC-O,05/09/2008,06,Cochi,0
NA,EC-O,05/09/2008,06,Conejo cola blanca,1
NA,EC-O,05/09/2008,06,Correcaminos,0
NA,EC-O,05/09/2008,06,Coyote,1
NA,EC-O,05/09/2008,06,Curbina plateada,1
NA,EC-O,05/09/2008,06,Delfin,1
NA,EC-O,05/09/2008,06,Escuela de peces,0
NA,EC-O,05/09/2008,06,Gallito marino,1
NA,EC-O,05/09/2008,06,Garza azul,1
NA,EC-O,05/09/2008,06,Gaviota,0
NA,EC-O,05/09/2008,06,Gobidos,0
NA,EC-O,05/09/2008,06,Guitarra,1
NA,EC-O,05/09/2008,06,Jaiba,1
NA,EC-O,05/09/2008,06,Lenguado,1
NA,EC-O,05/09/2008,06,Lisa,0
NA,EC-O,05/09/2008,06,Manta arenera,1
NA,EC-O,05/09/2008,06,Manta mariposa,1
NA,EC-O,05/09/2008,06,Mojarra,0
NA,EC-O,05/09/2008,06,Ostion,1
NA,EC-O,05/09/2008,06,Ostrero,1
NA,EC-O,05/09/2008,06,Pajarito piquilargo,1
NA,EC-O,05/09/2008,06,Pato,0
NA,EC-O,05/09/2008,06,Pelicano,1
NA,EC-O,05/09/2008,06,Pampano,0
NA,EC-O,05/09/2008,06,Pulpo,0
NA,EC-O,05/09/2008,06,Sierra,1
NA,EC-O,05/09/2008,06,Tiburon,1
NA,EC-O,05/09/2008,06,Tortuga,1
NA,EC-O,05/09/2008,06,Vibora de cascabel,1
NA,EC-O,05/09/2008,06,Deditos-Batis,0
NA,EC-O,05/09/2008,06,Sarcocornia pacifica,0
NA,EC-O,05/09/2008,06,Batis maritima,0
NA,EC-O,05/09/2008,06,Bichi,0
La Salina ,EC-O,05/09/2008,07,Aguila,1
La Salina ,EC-O,05/09/2008,07,Almeja chione,1
La Salina ,EC-O,05/09/2008,07,Anchoa,1
La Salina ,EC-O,05/09/2008,07,Angel,1
La Salina ,EC-O,05/09/2008,07,Anguila,1
La Salina ,EC-O,05/09/2008,07,Baqueta,1
La Salina ,EC-O,05/09/2008,07,Baya,1
La Salina ,EC-O,05/09/2008,07,Bocadulce,1
La Salina ,EC-O,05/09/2008,07,Botete,1
La Salina ,EC-O,05/09/2008,07,Buho,1
La Salina ,EC-O,05/09/2008,07,Cabrilla,0
La Salina ,EC-O,05/09/2008,07,Callo de hacha,1
La Salina ,EC-O,05/09/2008,07,Camaron azul,1
La Salina ,EC-O,05/09/2008,07,Camaron cafe,0
La Salina ,EC-O,05/09/2008,07,Camaron fantasma,1
La Salina ,EC-O,05/09/2008,07,Cangrejo violinista,1
La Salina ,EC-O,05/09/2008,07,Caracol,0
La Salina ,EC-O,05/09/2008,07,Caracol burro,1
La Salina ,EC-O,05/09/2008,07,Caracol chino,1
La Salina ,EC-O,05/09/2008,07,Cochi,1
La Salina ,EC-O,05/09/2008,07,Conejo cola blanca,1
La Salina ,EC-O,05/09/2008,07,Correcaminos,1
La Salina ,EC-O,05/09/2008,07,Coyote,1
La Salina ,EC-O,05/09/2008,07,Curbina plateada,0
La Salina ,EC-O,05/09/2008,07,Delfin,1
La Salina ,EC-O,05/09/2008,07,Escuela de peces,1
La Salina ,EC-O,05/09/2008,07,Gallito marino,1
La Salina ,EC-O,05/09/2008,07,Garza azul,1
La Salina ,EC-O,05/09/2008,07,Gaviota,1
La Salina ,EC-O,05/09/2008,07,Gobidos,1
La Salina ,EC-O,05/09/2008,07,Guitarra,1
La Salina ,EC-O,05/09/2008,07,Jaiba,1
La Salina ,EC-O,05/09/2008,07,Lenguado,1
La Salina ,EC-O,05/09/2008,07,Lisa,1
La Salina ,EC-O,05/09/2008,07,Manta arenera,1
La Salina ,EC-O,05/09/2008,07,Manta mariposa,1
La Salina ,EC-O,05/09/2008,07,Mojarra,1
La Salina ,EC-O,05/09/2008,07,Ostion,1
La Salina ,EC-O,05/09/2008,07,Ostrero,1
La Salina ,EC-O,05/09/2008,07,Pajarito piquilargo,1
La Salina ,EC-O,05/09/2008,07,Pato,1
La Salina ,EC-O,05/09/2008,07,Pelicano,1
La Salina ,EC-O,05/09/2008,07,Pampano,1
La Salina ,EC-O,05/09/2008,07,Pulpo,1
La Salina ,EC-O,05/09/2008,07,Sierra,1
La Salina ,EC-O,05/09/2008,07,Tiburon,1
La Salina ,EC-O,05/09/2008,07,Tortuga,1
La Salina ,EC-O,05/09/2008,07,Vibora de cascabel,1
La Salina ,EC-O,05/09/2008,07,Deditos-Batis,0
La Salina ,EC-O,05/09/2008,07,Sarcocornia pacifica,1
La Salina ,EC-O,05/09/2008,07,Batis maritima,1
La Salina ,EC-O,05/09/2008,07,Bichi,1
La Salina ,EC-O,05/09/2008,08,Aguila,0
La Salina ,EC-O,05/09/2008,08,Almeja chione,1
La Salina ,EC-O,05/09/2008,08,Anchoa,0
La Salina ,EC-O,05/09/2008,08,Angel,0
La Salina ,EC-O,05/09/2008,08,Anguila,0
La Salina ,EC-O,05/09/2008,08,Baqueta,0
La Salina ,EC-O,05/09/2008,08,Baya,0
La Salina ,EC-O,05/09/2008,08,Bocadulce,0
La Salina ,EC-O,05/09/2008,08,Botete,1
La Salina ,EC-O,05/09/2008,08,Buho,1
La Salina ,EC-O,05/09/2008,08,Cabrilla,0
La Salina ,EC-O,05/09/2008,08,Callo de hacha,0
La Salina ,EC-O,05/09/2008,08,Camaron azul,1
La Salina ,EC-O,05/09/2008,08,Camaron cafe,1
La Salina ,EC-O,05/09/2008,08,Camaron fantasma,0
La Salina ,EC-O,05/09/2008,08,Cangrejo violinista,0
La Salina ,EC-O,05/09/2008,08,Caracol,0
La Salina ,EC-O,05/09/2008,08,Caracol burro,1
La Salina ,EC-O,05/09/2008,08,Caracol chino,1
La Salina ,EC-O,05/09/2008,08,Cochi,0
La Salina ,EC-O,05/09/2008,08,Conejo cola blanca,1
La Salina ,EC-O,05/09/2008,08,Correcaminos,0
La Salina ,EC-O,05/09/2008,08,Coyote,1
La Salina ,EC-O,05/09/2008,08,Curbina plateada,1
La Salina ,EC-O,05/09/2008,08,Delfin,1
La Salina ,EC-O,05/09/2008,08,Escuela de peces,1
La Salina ,EC-O,05/09/2008,08,Gallito marino,1
La Salina ,EC-O,05/09/2008,08,Garza azul,1
La Salina ,EC-O,05/09/2008,08,Gaviota,1
La Salina ,EC-O,05/09/2008,08,Gobidos,0
La Salina ,EC-O,05/09/2008,08,Guitarra,1
La Salina ,EC-O,05/09/2008,08,Jaiba,1
La Salina ,EC-O,05/09/2008,08,Lenguado,1
La Salina ,EC-O,05/09/2008,08,Lisa,1
La Salina ,EC-O,05/09/2008,08,Manta arenera,1
La Salina ,EC-O,05/09/2008,08,Manta mariposa,1
La Salina ,EC-O,05/09/2008,08,Mojarra,0
La Salina ,EC-O,05/09/2008,08,Ostion,1
La Salina ,EC-O,05/09/2008,08,Ostrero,1
La Salina ,EC-O,05/09/2008,08,Pajarito piquilargo,0
La Salina ,EC-O,05/09/2008,08,Pato,0
La Salina ,EC-O,05/09/2008,08,Pelicano,1
La Salina ,EC-O,05/09/2008,08,Pampano,1
La Salina ,EC-O,05/09/2008,08,Pulpo,1
La Salina ,EC-O,05/09/2008,08,Sierra,0
La Salina ,EC-O,05/09/2008,08,Tiburon,1
La Salina ,EC-O,05/09/2008,08,Tortuga,1
La Salina ,EC-O,05/09/2008,08,Vibora de cascabel,1
La Salina ,EC-O,05/09/2008,08,Deditos-Batis,0
La Salina ,EC-O,05/09/2008,08,Sarcocornia pacifica,0
La Salina ,EC-O,05/09/2008,08,Batis maritima,0
La Salina ,EC-O,05/09/2008,08,Bichi,0
La Salina ,EC-O,05/09/2008,09,Aguila,1
La Salina ,EC-O,05/09/2008,09,Almeja chione,1
La Salina ,EC-O,05/09/2008,09,Anchoa,0
La Salina ,EC-O,05/09/2008,09,Angel,0
La Salina ,EC-O,05/09/2008,09,Anguila,0
La Salina ,EC-O,05/09/2008,09,Baqueta,0
La Salina ,EC-O,05/09/2008,09,Baya,0
La Salina ,EC-O,05/09/2008,09,Bocadulce,0
La Salina ,EC-O,05/09/2008,09,Botete,1
La Salina ,EC-O,05/09/2008,09,Buho,0
La Salina ,EC-O,05/09/2008,09,Cabrilla,0
La Salina ,EC-O,05/09/2008,09,Callo de hacha,0
La Salina ,EC-O,05/09/2008,09,Camaron azul,1
La Salina ,EC-O,05/09/2008,09,Camaron cafe,0
La Salina ,EC-O,05/09/2008,09,Camaron fantasma,0
La Salina ,EC-O,05/09/2008,09,Cangrejo violinista,1
La Salina ,EC-O,05/09/2008,09,Caracol,0
La Salina ,EC-O,05/09/2008,09,Caracol burro,1
La Salina ,EC-O,05/09/2008,09,Caracol chino,1
La Salina ,EC-O,05/09/2008,09,Cochi,0
La Salina ,EC-O,05/09/2008,09,Conejo cola blanca,1
La Salina ,EC-O,05/09/2008,09,Correcaminos,1
La Salina ,EC-O,05/09/2008,09,Coyote,1
La Salina ,EC-O,05/09/2008,09,Curbina plateada,1
La Salina ,EC-O,05/09/2008,09,Delfin,1
La Salina ,EC-O,05/09/2008,09,Escuela de peces,1
La Salina ,EC-O,05/09/2008,09,Gallito marino,1
La Salina ,EC-O,05/09/2008,09,Garza azul,1
La Salina ,EC-O,05/09/2008,09,Gaviota,0
La Salina ,EC-O,05/09/2008,09,Gobidos,0
La Salina ,EC-O,05/09/2008,09,Guitarra,1
La Salina ,EC-O,05/09/2008,09,Jaiba,1
La Salina ,EC-O,05/09/2008,09,Lenguado,1
La Salina ,EC-O,05/09/2008,09,Lisa,1
La Salina ,EC-O,05/09/2008,09,Manta arenera,0
La Salina ,EC-O,05/09/2008,09,Manta mariposa,0
La Salina ,EC-O,05/09/2008,09,Mojarra,0
La Salina ,EC-O,05/09/2008,09,Ostion,1
La Salina ,EC-O,05/09/2008,09,Ostrero,1
La Salina ,EC-O,05/09/2008,09,Pajarito piquilargo,1
La Salina ,EC-O,05/09/2008,09,Pato,1
La Salina ,EC-O,05/09/2008,09,Pelicano,1
La Salina ,EC-O,05/09/2008,09,Pampano,1
La Salina ,EC-O,05/09/2008,09,Pulpo,0
La Salina ,EC-O,05/09/2008,09,Sierra,1
La Salina ,EC-O,05/09/2008,09,Tiburon,1
La Salina ,EC-O,05/09/2008,09,Tortuga,1
La Salina ,EC-O,05/09/2008,09,Vibora de cascabel,1
La Salina ,EC-O,05/09/2008,09,Deditos-Batis,0
La Salina ,EC-O,05/09/2008,09,Sarcocornia pacifica,0
La Salina ,EC-O,05/09/2008,09,Batis maritima,0
La Salina ,EC-O,05/09/2008,09,Bichi,1
La Salina ,EC-O,05/09/2008,10,Aguila,0
La Salina ,EC-O,05/09/2008,10,Almeja chione,1
La Salina ,EC-O,05/09/2008,10,Anchoa,0
La Salina ,EC-O,05/09/2008,10,Angel,0
La Salina ,EC-O,05/09/2008,10,Anguila,0
La Salina ,EC-O,05/09/2008,10,Baqueta,0
La Salina ,EC-O,05/09/2008,10,Baya,0
La Salina ,EC-O,05/09/2008,10,Bocadulce,1
La Salina ,EC-O,05/09/2008,10,Botete,1
La Salina ,EC-O,05/09/2008,10,Buho,0
La Salina ,EC-O,05/09/2008,10,Cabrilla,1
La Salina ,EC-O,05/09/2008,10,Callo de hacha,1
La Salina ,EC-O,05/09/2008,10,Camaron azul,1
La Salina ,EC-O,05/09/2008,10,Camaron cafe,1
La Salina ,EC-O,05/09/2008,10,Camaron fantasma,0
La Salina ,EC-O,05/09/2008,10,Cangrejo violinista,1
La Salina ,EC-O,05/09/2008,10,Caracol,0
La Salina ,EC-O,05/09/2008,10,Caracol burro,1
La Salina ,EC-O,05/09/2008,10,Caracol chino,1
La Salina ,EC-O,05/09/2008,10,Cochi,0
La Salina ,EC-O,05/09/2008,10,Conejo cola blanca,1
La Salina ,EC-O,05/09/2008,10,Correcaminos,0
La Salina ,EC-O,05/09/2008,10,Coyote,1
La Salina ,EC-O,05/09/2008,10,Curbina plateada,1
La Salina ,EC-O,05/09/2008,10,Delfin,1
La Salina ,EC-O,05/09/2008,10,Escuela de peces,1
La Salina ,EC-O,05/09/2008,10,Gallito marino,1
La Salina ,EC-O,05/09/2008,10,Garza azul,1
La Salina ,EC-O,05/09/2008,10,Gaviota,1
La Salina ,EC-O,05/09/2008,10,Gobidos,0
La Salina ,EC-O,05/09/2008,10,Guitarra,1
La Salina ,EC-O,05/09/2008,10,Jaiba,1
La Salina ,EC-O,05/09/2008,10,Lenguado,1
La Salina ,EC-O,05/09/2008,10,Lisa,1
La Salina ,EC-O,05/09/2008,10,Manta arenera,1
La Salina ,EC-O,05/09/2008,10,Manta mariposa,1
La Salina ,EC-O,05/09/2008,10,Mojarra,0
La Salina ,EC-O,05/09/2008,10,Ostion,1
La Salina ,EC-O,05/09/2008,10,Ostrero,1
La Salina ,EC-O,05/09/2008,10,Pajarito piquilargo,1
La Salina ,EC-O,05/09/2008,10,Pato,0
La Salina ,EC-O,05/09/2008,10,Pelicano,1
La Salina ,EC-O,05/09/2008,10,Pampano,1
La Salina ,EC-O,05/09/2008,10,Pulpo,1
La Salina ,EC-O,05/09/2008,10,Sierra,1
La Salina ,EC-O,05/09/2008,10,Tiburon,1
La Salina ,EC-O,05/09/2008,10,Tortuga,1
La Salina ,EC-O,05/09/2008,10,Vibora de cascabel,1
La Salina ,EC-O,05/09/2008,10,Deditos-Batis,1
La Salina ,EC-O,05/09/2008,10,Sarcocornia pacifica,0
La Salina ,EC-O,05/09/2008,10,Batis maritima,0
La Salina ,EC-O,05/09/2008,10,Bichi,1
Morúa,PP-O,04/11/2008,01,Aguila,1
Morúa,PP-O,04/11/2008,01,Almeja chione,1
Morúa,PP-O,04/11/2008,01,Anchoa,0
Morúa,PP-O,04/11/2008,01,Angel,1
Morúa,PP-O,04/11/2008,01,Anguila,0
Morúa,PP-O,04/11/2008,01,Baqueta,0
Morúa,PP-O,04/11/2008,01,Baya,0
Morúa,PP-O,04/11/2008,01,Bocadulce,0
Morúa,PP-O,04/11/2008,01,Botete,0
Morúa,PP-O,04/11/2008,01,Buho,1
Morúa,PP-O,04/11/2008,01,Cabrilla,0
Morúa,PP-O,04/11/2008,01,Callo de hacha,1
Morúa,PP-O,04/11/2008,01,Camaron azul,1
Morúa,PP-O,04/11/2008,01,Camaron cafe,0
Morúa,PP-O,04/11/2008,01,Camaron fantasma,1
Morúa,PP-O,04/11/2008,01,Cangrejo violinista,1
Morúa,PP-O,04/11/2008,01,Caracol,0
Morúa,PP-O,04/11/2008,01,Caracol burro,1
Morúa,PP-O,04/11/2008,01,Caracol chino,0
Morúa,PP-O,04/11/2008,01,Cochi,0
Morúa,PP-O,04/11/2008,01,Conejo cola blanca,1
Morúa,PP-O,04/11/2008,01,Correcaminos,0
Morúa,PP-O,04/11/2008,01,Coyote,1
Morúa,PP-O,04/11/2008,01,Curbina plateada,1
Morúa,PP-O,04/11/2008,01,Delfin,0
Morúa,PP-O,04/11/2008,01,Escuela de peces,0
Morúa,PP-O,04/11/2008,01,Gallito marino,1
Morúa,PP-O,04/11/2008,01,Garza azul,1
Morúa,PP-O,04/11/2008,01,Gaviota,0
Morúa,PP-O,04/11/2008,01,Gobidos,1
Morúa,PP-O,04/11/2008,01,Guitarra,1
Morúa,PP-O,04/11/2008,01,Jaiba,1
Morúa,PP-O,04/11/2008,01,Lenguado,1
Morúa,PP-O,04/11/2008,01,Lisa,1
Morúa,PP-O,04/11/2008,01,Manta arenera,1
Morúa,PP-O,04/11/2008,01,Manta mariposa,0
Morúa,PP-O,04/11/2008,01,Mojarra,0
Morúa,PP-O,04/11/2008,01,Ostion,1
Morúa,PP-O,04/11/2008,01,Ostrero,1
Morúa,PP-O,04/11/2008,01,Pajarito piquilargo,1
Morúa,PP-O,04/11/2008,01,Pato,0
Morúa,PP-O,04/11/2008,01,Pelicano,0
Morúa,PP-O,04/11/2008,01,Pampano,1
Morúa,PP-O,04/11/2008,01,Pulpo,1
Morúa,PP-O,04/11/2008,01,Sierra,0
Morúa,PP-O,04/11/2008,01,Tiburon,0
Morúa,PP-O,04/11/2008,01,Tortuga,0
Morúa,PP-O,04/11/2008,01,Vibora de cascabel,0
Morúa,PP-O,04/11/2008,01,Deditos-Batis,0
Morúa,PP-O,04/11/2008,01,Sarcocornia pacifica,1
Morúa,PP-O,04/11/2008,01,Batis maritima,1
Morúa,PP-O,04/11/2008,01,Bichi,1
Almejas,PP-O,04/12/2008,02,Aguila,0
Almejas,PP-O,04/12/2008,02,Almeja chione,1
Almejas,PP-O,04/12/2008,02,Anchoa,0
Almejas,PP-O,04/12/2008,02,Angel,0
Almejas,PP-O,04/12/2008,02,Anguila,0
Almejas,PP-O,04/12/2008,02,Baqueta,1
Almejas,PP-O,04/12/2008,02,Baya,0
Almejas,PP-O,04/12/2008,02,Bocadulce,1
Almejas,PP-O,04/12/2008,02,Botete,0
Almejas,PP-O,04/12/2008,02,Buho,1
Almejas,PP-O,04/12/2008,02,Cabrilla,0
Almejas,PP-O,04/12/2008,02,Callo de hacha,0
Almejas,PP-O,04/12/2008,02,Camaron azul,1
Almejas,PP-O,04/12/2008,02,Camaron cafe,0
Almejas,PP-O,04/12/2008,02,Camaron fantasma,1
Almejas,PP-O,04/12/2008,02,Cangrejo violinista,1
Almejas,PP-O,04/12/2008,02,Caracol,0
Almejas,PP-O,04/12/2008,02,Caracol burro,1
Almejas,PP-O,04/12/2008,02,Caracol chino,1
Almejas,PP-O,04/12/2008,02,Cochi,1
Almejas,PP-O,04/12/2008,02,Conejo cola blanca,1
Almejas,PP-O,04/12/2008,02,Correcaminos,0
Almejas,PP-O,04/12/2008,02,Coyote,1
Almejas,PP-O,04/12/2008,02,Curbina plateada,1
Almejas,PP-O,04/12/2008,02,Delfin,0
Almejas,PP-O,04/12/2008,02,Escuela de peces,0
Almejas,PP-O,04/12/2008,02,Gallito marino,1
Almejas,PP-O,04/12/2008,02,Garza azul,1
Almejas,PP-O,04/12/2008,02,Gaviota,0
Almejas,PP-O,04/12/2008,02,Gobidos,1
Almejas,PP-O,04/12/2008,02,Guitarra,1
Almejas,PP-O,04/12/2008,02,Jaiba,1
Almejas,PP-O,04/12/2008,02,Lenguado,1
Almejas,PP-O,04/12/2008,02,Lisa,1
Almejas,PP-O,04/12/2008,02,Manta arenera,1
Almejas,PP-O,04/12/2008,02,Manta mariposa,1
Almejas,PP-O,04/12/2008,02,Mojarra,0
Almejas,PP-O,04/12/2008,02,Ostion,0
Almejas,PP-O,04/12/2008,02,Ostrero,1
Almejas,PP-O,04/12/2008,02,Pajarito piquilargo,1
Almejas,PP-O,04/12/2008,02,Pato,0
Almejas,PP-O,04/12/2008,02,Pelicano,0
Almejas,PP-O,04/12/2008,02,Pampano,1
Almejas,PP-O,04/12/2008,02,Pulpo,1
Almejas,PP-O,04/12/2008,02,Sierra,1
Almejas,PP-O,04/12/2008,02,Tiburon,0
Almejas,PP-O,04/12/2008,02,Tortuga,0
Almejas,PP-O,04/12/2008,02,Vibora de cascabel,1
Almejas,PP-O,04/12/2008,02,Deditos-Batis,0
Almejas,PP-O,04/12/2008,02,Sarcocornia pacifica,1
Almejas,PP-O,04/12/2008,02,Batis maritima,1
Almejas,PP-O,04/12/2008,02,Bichi,1
Morúa,PP-O,04/15/2008,03,Aguila,0
Morúa,PP-O,04/15/2008,03,Almeja chione,1
Morúa,PP-O,04/15/2008,03,Anchoa,0
Morúa,PP-O,04/15/2008,03,Angel,0
Morúa,PP-O,04/15/2008,03,Anguila,0
Morúa,PP-O,04/15/2008,03,Baqueta,0
Morúa,PP-O,04/15/2008,03,Baya,0
Morúa,PP-O,04/15/2008,03,Bocadulce,0
Morúa,PP-O,04/15/2008,03,Botete,0
Morúa,PP-O,04/15/2008,03,Buho,1
Morúa,PP-O,04/15/2008,03,Cabrilla,0
Morúa,PP-O,04/15/2008,03,Callo de hacha,1
Morúa,PP-O,04/15/2008,03,Camaron azul,1
Morúa,PP-O,04/15/2008,03,Camaron cafe,0
Morúa,PP-O,04/15/2008,03,Camaron fantasma,0
Morúa,PP-O,04/15/2008,03,Cangrejo violinista,0
Morúa,PP-O,04/15/2008,03,Caracol,0
Morúa,PP-O,04/15/2008,03,Caracol burro,1
Morúa,PP-O,04/15/2008,03,Caracol chino,1
Morúa,PP-O,04/15/2008,03,Cochi,1
Morúa,PP-O,04/15/2008,03,Conejo cola blanca,1
Morúa,PP-O,04/15/2008,03,Correcaminos,0
Morúa,PP-O,04/15/2008,03,Coyote,1
Morúa,PP-O,04/15/2008,03,Curbina plateada,0
Morúa,PP-O,04/15/2008,03,Delfin,0
Morúa,PP-O,04/15/2008,03,Escuela de peces,0
Morúa,PP-O,04/15/2008,03,Gallito marino,1
Morúa,PP-O,04/15/2008,03,Garza azul,1
Morúa,PP-O,04/15/2008,03,Gaviota,0
Morúa,PP-O,04/15/2008,03,Gobidos,0
Morúa,PP-O,04/15/2008,03,Guitarra,0
Morúa,PP-O,04/15/2008,03,Jaiba,1
Morúa,PP-O,04/15/2008,03,Lenguado,1
Morúa,PP-O,04/15/2008,03,Lisa,0
Morúa,PP-O,04/15/2008,03,Manta arenera,1
Morúa,PP-O,04/15/2008,03,Manta mariposa,0
Morúa,PP-O,04/15/2008,03,Mojarra,0
Morúa,PP-O,04/15/2008,03,Ostion,0
Morúa,PP-O,04/15/2008,03,Ostrero,1
Morúa,PP-O,04/15/2008,03,Pajarito piquilargo,1
Morúa,PP-O,04/15/2008,03,Pato,0
Morúa,PP-O,04/15/2008,03,Pelicano,0
Morúa,PP-O,04/15/2008,03,Pampano,0
Morúa,PP-O,04/15/2008,03,Pulpo,1
Morúa,PP-O,04/15/2008,03,Sierra,0
Morúa,PP-O,04/15/2008,03,Tiburon,0
Morúa,PP-O,04/15/2008,03,Tortuga,0
Morúa,PP-O,04/15/2008,03,Vibora de cascabel,0
Morúa,PP-O,04/15/2008,03,Deditos-Batis,0
Morúa,PP-O,04/15/2008,03,Sarcocornia pacifica,1
Morúa,PP-O,04/15/2008,03,Batis maritima,0
Morúa,PP-O,04/15/2008,03,Bichi,0
Morúa,PP-O,04/16/2008,04,Aguila,0
Morúa,PP-O,04/16/2008,04,Almeja chione,1
Morúa,PP-O,04/16/2008,04,Anchoa,0
Morúa,PP-O,04/16/2008,04,Angel,1
Morúa,PP-O,04/16/2008,04,Anguila,1
Morúa,PP-O,04/16/2008,04,Baqueta,0
Morúa,PP-O,04/16/2008,04,Baya,0
Morúa,PP-O,04/16/2008,04,Bocadulce,1
Morúa,PP-O,04/16/2008,04,Botete,1
Morúa,PP-O,04/16/2008,04,Buho,1
Morúa,PP-O,04/16/2008,04,Cabrilla,0
Morúa,PP-O,04/16/2008,04,Callo de hacha,1
Morúa,PP-O,04/16/2008,04,Camaron azul,0
Morúa,PP-O,04/16/2008,04,Camaron cafe,0
Morúa,PP-O,04/16/2008,04,Camaron fantasma,0
Morúa,PP-O,04/16/2008,04,Cangrejo violinista,1
Morúa,PP-O,04/16/2008,04,Caracol,0
Morúa,PP-O,04/16/2008,04,Caracol burro,1
Morúa,PP-O,04/16/2008,04,Caracol chino,1
Morúa,PP-O,04/16/2008,04,Cochi,1
Morúa,PP-O,04/16/2008,04,Conejo cola blanca,1
Morúa,PP-O,04/16/2008,04,Correcaminos,0
Morúa,PP-O,04/16/2008,04,Coyote,1
Morúa,PP-O,04/16/2008,04,Curbina plateada,1
Morúa,PP-O,04/16/2008,04,Delfin,0
Morúa,PP-O,04/16/2008,04,Escuela de peces,1
Morúa,PP-O,04/16/2008,04,Gallito marino,1
Morúa,PP-O,04/16/2008,04,Garza azul,1
Morúa,PP-O,04/16/2008,04,Gaviota,0
Morúa,PP-O,04/16/2008,04,Gobidos,1
Morúa,PP-O,04/16/2008,04,Guitarra,1
Morúa,PP-O,04/16/2008,04,Jaiba,1
Morúa,PP-O,04/16/2008,04,Lenguado,1
Morúa,PP-O,04/16/2008,04,Lisa,1
Morúa,PP-O,04/16/2008,04,Manta arenera,1
Morúa,PP-O,04/16/2008,04,Manta mariposa,0
Morúa,PP-O,04/16/2008,04,Mojarra,0
Morúa,PP-O,04/16/2008,04,Ostion,1
Morúa,PP-O,04/16/2008,04,Ostrero,1
Morúa,PP-O,04/16/2008,04,Pajarito piquilargo,1
Morúa,PP-O,04/16/2008,04,Pato,0
Morúa,PP-O,04/16/2008,04,Pelicano,0
Morúa,PP-O,04/16/2008,04,Pampano,1
Morúa,PP-O,04/16/2008,04,Pulpo,1
Morúa,PP-O,04/16/2008,04,Sierra,1
Morúa,PP-O,04/16/2008,04,Tiburon,0
Morúa,PP-O,04/16/2008,04,Tortuga,0
Morúa,PP-O,04/16/2008,04,Vibora de cascabel,0
Morúa,PP-O,04/16/2008,04,Deditos-Batis,0
Morúa,PP-O,04/16/2008,04,Sarcocornia pacifica,1
Morúa,PP-O,04/16/2008,04,Batis maritima,1
Morúa,PP-O,04/16/2008,04,Bichi,1
Morúa,PP-O,04/22/2008,05,Aguila,1
Morúa,PP-O,04/22/2008,05,Almeja chione,1
Morúa,PP-O,04/22/2008,05,Anchoa,0
Morúa,PP-O,04/22/2008,05,Angel,0
Morúa,PP-O,04/22/2008,05,Anguila,0
Morúa,PP-O,04/22/2008,05,Baqueta,0
Morúa,PP-O,04/22/2008,05,Baya,0
Morúa,PP-O,04/22/2008,05,Bocadulce,0
Morúa,PP-O,04/22/2008,05,Botete,1
Morúa,PP-O,04/22/2008,05,Buho,0
Morúa,PP-O,04/22/2008,05,Cabrilla,0
Morúa,PP-O,04/22/2008,05,Callo de hacha,0
Morúa,PP-O,04/22/2008,05,Camaron azul,1
Morúa,PP-O,04/22/2008,05,Camaron cafe,0
Morúa,PP-O,04/22/2008,05,Camaron fantasma,0
Morúa,PP-O,04/22/2008,05,Cangrejo violinista,1
Morúa,PP-O,04/22/2008,05,Caracol,0
Morúa,PP-O,04/22/2008,05,Caracol burro,0
Morúa,PP-O,04/22/2008,05,Caracol chino,0
Morúa,PP-O,04/22/2008,05,Cochi,0
Morúa,PP-O,04/22/2008,05,Conejo cola blanca,1
Morúa,PP-O,04/22/2008,05,Correcaminos,0
Morúa,PP-O,04/22/2008,05,Coyote,1
Morúa,PP-O,04/22/2008,05,Curbina plateada,0
Morúa,PP-O,04/22/2008,05,Delfin,0
Morúa,PP-O,04/22/2008,05,Escuela de peces,1
Morúa,PP-O,04/22/2008,05,Gallito marino,1
Morúa,PP-O,04/22/2008,05,Garza azul,1
Morúa,PP-O,04/22/2008,05,Gaviota,1
Morúa,PP-O,04/22/2008,05,Gobidos,0
Morúa,PP-O,04/22/2008,05,Guitarra,0
Morúa,PP-O,04/22/2008,05,Jaiba,0
Morúa,PP-O,04/22/2008,05,Lenguado,0
Morúa,PP-O,04/22/2008,05,Lisa,1
Morúa,PP-O,04/22/2008,05,Manta arenera,1
Morúa,PP-O,04/22/2008,05,Manta mariposa,0
Morúa,PP-O,04/22/2008,05,Mojarra,0
Morúa,PP-O,04/22/2008,05,Ostion,0
Morúa,PP-O,04/22/2008,05,Ostrero,0
Morúa,PP-O,04/22/2008,05,Pajarito piquilargo,1
Morúa,PP-O,04/22/2008,05,Pato,0
Morúa,PP-O,04/22/2008,05,Pelicano,1
Morúa,PP-O,04/22/2008,05,Pampano,0
Morúa,PP-O,04/22/2008,05,Pulpo,0
Morúa,PP-O,04/22/2008,05,Sierra,0
Morúa,PP-O,04/22/2008,05,Tiburon,0
Morúa,PP-O,04/22/2008,05,Tortuga,0
Morúa,PP-O,04/22/2008,05,Vibora de cascabel,0
Morúa,PP-O,04/22/2008,05,Deditos-Batis,0
Morúa,PP-O,04/22/2008,05,Sarcocornia pacifica,0
Morúa,PP-O,04/22/2008,05,Batis maritima,0
Morúa,PP-O,04/22/2008,05,Bichi,0
Almejas,PP-O,05/20/2008,08,Aguila,1
Almejas,PP-O,05/20/2008,08,Almeja chione,1
Almejas,PP-O,05/20/2008,08,Anchoa,0
Almejas,PP-O,05/20/2008,08,Angel,0
Almejas,PP-O,05/20/2008,08,Anguila,0
Almejas,PP-O,05/20/2008,08,Baqueta,1
Almejas,PP-O,05/20/2008,08,Baya,0
Almejas,PP-O,05/20/2008,08,Bocadulce,0
Almejas,PP-O,05/20/2008,08,Botete,0
Almejas,PP-O,05/20/2008,08,Buho,0
Almejas,PP-O,05/20/2008,08,Cabrilla,1
Almejas,PP-O,05/20/2008,08,Callo de hacha,1
Almejas,PP-O,05/20/2008,08,Camaron azul,0
Almejas,PP-O,05/20/2008,08,Camaron cafe,0
Almejas,PP-O,05/20/2008,08,Camaron fantasma,0
Almejas,PP-O,05/20/2008,08,Cangrejo violinista,0
Almejas,PP-O,05/20/2008,08,Caracol,0
Almejas,PP-O,05/20/2008,08,Caracol burro,1
Almejas,PP-O,05/20/2008,08,Caracol chino,1
Almejas,PP-O,05/20/2008,08,Cochi,0
Almejas,PP-O,05/20/2008,08,Conejo cola blanca,1
Almejas,PP-O,05/20/2008,08,Correcaminos,1
Almejas,PP-O,05/20/2008,08,Coyote,1
Almejas,PP-O,05/20/2008,08,Curbina plateada,0
Almejas,PP-O,05/20/2008,08,Delfin,1
Almejas,PP-O,05/20/2008,08,Escuela de peces,1
Almejas,PP-O,05/20/2008,08,Gallito marino,1
Almejas,PP-O,05/20/2008,08,Garza azul,1
Almejas,PP-O,05/20/2008,08,Gaviota,1
Almejas,PP-O,05/20/2008,08,Gobidos,0
Almejas,PP-O,05/20/2008,08,Guitarra,1
Almejas,PP-O,05/20/2008,08,Jaiba,1
Almejas,PP-O,05/20/2008,08,Lenguado,1
Almejas,PP-O,05/20/2008,08,Lisa,1
Almejas,PP-O,05/20/2008,08,Manta arenera,1
Almejas,PP-O,05/20/2008,08,Manta mariposa,0
Almejas,PP-O,05/20/2008,08,Mojarra,0
Almejas,PP-O,05/20/2008,08,Ostion,0
Almejas,PP-O,05/20/2008,08,Ostrero,0
Almejas,PP-O,05/20/2008,08,Pajarito piquilargo,1
Almejas,PP-O,05/20/2008,08,Pato,0
Almejas,PP-O,05/20/2008,08,Pelicano,1
Almejas,PP-O,05/20/2008,08,Pampano,1
Almejas,PP-O,05/20/2008,08,Pulpo,1
Almejas,PP-O,05/20/2008,08,Sierra,0
Almejas,PP-O,05/20/2008,08,Tiburon,1
Almejas,PP-O,05/20/2008,08,Tortuga,1
Almejas,PP-O,05/20/2008,08,Vibora de cascabel,1
Almejas,PP-O,05/20/2008,08,Deditos-Batis,0
Almejas,PP-O,05/20/2008,08,Sarcocornia pacifica,0
Almejas,PP-O,05/20/2008,08,Batis maritima,0
Almejas,PP-O,05/20/2008,08,Bichi,0
La Salina ,EC-P,05/06/2008,01,Aguila,0
La Salina ,EC-P,05/06/2008,01,Almeja chione,1
La Salina ,EC-P,05/06/2008,01,Anchoa,0
La Salina ,EC-P,05/06/2008,01,Angel,0
La Salina ,EC-P,05/06/2008,01,Anguila,1
La Salina ,EC-P,05/06/2008,01,Baqueta,1
La Salina ,EC-P,05/06/2008,01,Baya,1
La Salina ,EC-P,05/06/2008,01,Bocadulce,1
La Salina ,EC-P,05/06/2008,01,Botete,1
La Salina ,EC-P,05/06/2008,01,Buho,0
La Salina ,EC-P,05/06/2008,01,Cabrilla,0
La Salina ,EC-P,05/06/2008,01,Callo de hacha,1
La Salina ,EC-P,05/06/2008,01,Camaron azul,1
La Salina ,EC-P,05/06/2008,01,Camaron cafe,1
La Salina ,EC-P,05/06/2008,01,Camaron fantasma,1
La Salina ,EC-P,05/06/2008,01,Cangrejo violinista,1
La Salina ,EC-P,05/06/2008,01,Caracol,0
La Salina ,EC-P,05/06/2008,01,Caracol burro,1
La Salina ,EC-P,05/06/2008,01,Caracol chino,1
La Salina ,EC-P,05/06/2008,01,Cochi,1
La Salina ,EC-P,05/06/2008,01,Conejo cola blanca,0
La Salina ,EC-P,05/06/2008,01,Correcaminos,0
La Salina ,EC-P,05/06/2008,01,Coyote,1
La Salina ,EC-P,05/06/2008,01,Curbina plateada,1
La Salina ,EC-P,05/06/2008,01,Delfin,0
La Salina ,EC-P,05/06/2008,01,Escuela de peces,1
La Salina ,EC-P,05/06/2008,01,Gallito marino,0
La Salina ,EC-P,05/06/2008,01,Garza azul,1
La Salina ,EC-P,05/06/2008,01,Gaviota,0
La Salina ,EC-P,05/06/2008,01,Gobidos,1
La Salina ,EC-P,05/06/2008,01,Guitarra,0
La Salina ,EC-P,05/06/2008,01,Jaiba,1
La Salina ,EC-P,05/06/2008,01,Lenguado,1
La Salina ,EC-P,05/06/2008,01,Lisa,1
La Salina ,EC-P,05/06/2008,01,Manta arenera,1
La Salina ,EC-P,05/06/2008,01,Manta mariposa,1
La Salina ,EC-P,05/06/2008,01,Mojarra,0
La Salina ,EC-P,05/06/2008,01,Ostion,1
La Salina ,EC-P,05/06/2008,01,Ostrero,0
La Salina ,EC-P,05/06/2008,01,Pajarito piquilargo,1
La Salina ,EC-P,05/06/2008,01,Pato,0
La Salina ,EC-P,05/06/2008,01,Pelicano,0
La Salina ,EC-P,05/06/2008,01,Pampano,1
La Salina ,EC-P,05/06/2008,01,Pulpo,0
La Salina ,EC-P,05/06/2008,01,Sierra,1
La Salina ,EC-P,05/06/2008,01,Tiburon,0
La Salina ,EC-P,05/06/2008,01,Tortuga,0
La Salina ,EC-P,05/06/2008,01,Vibora de cascabel,0
La Salina ,EC-P,05/06/2008,01,Deditos-Batis,0
La Salina ,EC-P,05/06/2008,01,Sarcocornia pacifica,0
La Salina ,EC-P,05/06/2008,01,Batis maritima,0
La Salina ,EC-P,05/06/2008,01,Bichi,1
La Salina ,EC-P,05/06/2008,02,Aguila,0
La Salina ,EC-P,05/06/2008,02,Almeja chione,1
La Salina ,EC-P,05/06/2008,02,Anchoa,0
La Salina ,EC-P,05/06/2008,02,Angel,0
La Salina ,EC-P,05/06/2008,02,Anguila,1
La Salina ,EC-P,05/06/2008,02,Baqueta,0
La Salina ,EC-P,05/06/2008,02,Baya,0
La Salina ,EC-P,05/06/2008,02,Bocadulce,1
La Salina ,EC-P,05/06/2008,02,Botete,1
La Salina ,EC-P,05/06/2008,02,Buho,1
La Salina ,EC-P,05/06/2008,02,Cabrilla,0
La Salina ,EC-P,05/06/2008,02,Callo de hacha,1
La Salina ,EC-P,05/06/2008,02,Camaron azul,1
La Salina ,EC-P,05/06/2008,02,Camaron cafe,0
La Salina ,EC-P,05/06/2008,02,Camaron fantasma,1
La Salina ,EC-P,05/06/2008,02,Cangrejo violinista,0
La Salina ,EC-P,05/06/2008,02,Caracol,0
La Salina ,EC-P,05/06/2008,02,Caracol burro,1
La Salina ,EC-P,05/06/2008,02,Caracol chino,1
La Salina ,EC-P,05/06/2008,02,Cochi,0
La Salina ,EC-P,05/06/2008,02,Conejo cola blanca,1
La Salina ,EC-P,05/06/2008,02,Correcaminos,0
La Salina ,EC-P,05/06/2008,02,Coyote,1
La Salina ,EC-P,05/06/2008,02,Curbina plateada,1
La Salina ,EC-P,05/06/2008,02,Delfin,0
La Salina ,EC-P,05/06/2008,02,Escuela de peces,0
La Salina ,EC-P,05/06/2008,02,Gallito marino,1
La Salina ,EC-P,05/06/2008,02,Garza azul,1
La Salina ,EC-P,05/06/2008,02,Gaviota,0
La Salina ,EC-P,05/06/2008,02,Gobidos,1
La Salina ,EC-P,05/06/2008,02,Guitarra,1
La Salina ,EC-P,05/06/2008,02,Jaiba,1
La Salina ,EC-P,05/06/2008,02,Lenguado,1
La Salina ,EC-P,05/06/2008,02,Lisa,1
La Salina ,EC-P,05/06/2008,02,Manta arenera,1
La Salina ,EC-P,05/06/2008,02,Manta mariposa,0
La Salina ,EC-P,05/06/2008,02,Mojarra,0
La Salina ,EC-P,05/06/2008,02,Ostion,1
La Salina ,EC-P,05/06/2008,02,Ostrero,1
La Salina ,EC-P,05/06/2008,02,Pajarito piquilargo,1
La Salina ,EC-P,05/06/2008,02,Pato,0
La Salina ,EC-P,05/06/2008,02,Pelicano,0
La Salina ,EC-P,05/06/2008,02,Pampano,1
La Salina ,EC-P,05/06/2008,02,Pulpo,1
La Salina ,EC-P,05/06/2008,02,Sierra,1
La Salina ,EC-P,05/06/2008,02,Tiburon,0
La Salina ,EC-P,05/06/2008,02,Tortuga,0
La Salina ,EC-P,05/06/2008,02,Vibora de cascabel,0
La Salina ,EC-P,05/06/2008,02,Deditos-Batis,0
La Salina ,EC-P,05/06/2008,02,Sarcocornia pacifica,0
La Salina ,EC-P,05/06/2008,02,Batis maritima,0
La Salina ,EC-P,05/06/2008,02,Bichi,1
La Salina ,EC-P,05/06/2008,03,Aguila,0
La Salina ,EC-P,05/06/2008,03,Almeja chione,1
La Salina ,EC-P,05/06/2008,03,Anchoa,0
La Salina ,EC-P,05/06/2008,03,Angel,1
La Salina ,EC-P,05/06/2008,03,Anguila,1
La Salina ,EC-P,05/06/2008,03,Baqueta,0
La Salina ,EC-P,05/06/2008,03,Baya,1
La Salina ,EC-P,05/06/2008,03,Bocadulce,1
La Salina ,EC-P,05/06/2008,03,Botete,1
La Salina ,EC-P,05/06/2008,03,Buho,1
La Salina ,EC-P,05/06/2008,03,Cabrilla,0
La Salina ,EC-P,05/06/2008,03,Callo de hacha,1
La Salina ,EC-P,05/06/2008,03,Camaron azul,1
La Salina ,EC-P,05/06/2008,03,Camaron cafe,0
La Salina ,EC-P,05/06/2008,03,Camaron fantasma,1
La Salina ,EC-P,05/06/2008,03,Cangrejo violinista,1
La Salina ,EC-P,05/06/2008,03,Caracol,0
La Salina ,EC-P,05/06/2008,03,Caracol burro,1
La Salina ,EC-P,05/06/2008,03,Caracol chino,1
La Salina ,EC-P,05/06/2008,03,Cochi,1
La Salina ,EC-P,05/06/2008,03,Conejo cola blanca,1
La Salina ,EC-P,05/06/2008,03,Correcaminos,0
La Salina ,EC-P,05/06/2008,03,Coyote,1
La Salina ,EC-P,05/06/2008,03,Curbina plateada,1
La Salina ,EC-P,05/06/2008,03,Delfin,0
La Salina ,EC-P,05/06/2008,03,Escuela de peces,0
La Salina ,EC-P,05/06/2008,03,Gallito marino,0
La Salina ,EC-P,05/06/2008,03,Garza azul,0
La Salina ,EC-P,05/06/2008,03,Gaviota,0
La Salina ,EC-P,05/06/2008,03,Gobidos,1
La Salina ,EC-P,05/06/2008,03,Guitarra,1
La Salina ,EC-P,05/06/2008,03,Jaiba,1
La Salina ,EC-P,05/06/2008,03,Lenguado,1
La Salina ,EC-P,05/06/2008,03,Lisa,1
La Salina ,EC-P,05/06/2008,03,Manta arenera,1
La Salina ,EC-P,05/06/2008,03,Manta mariposa,1
La Salina ,EC-P,05/06/2008,03,Mojarra,1
La Salina ,EC-P,05/06/2008,03,Ostion,1
La Salina ,EC-P,05/06/2008,03,Ostrero,1
La Salina ,EC-P,05/06/2008,03,Pajarito piquilargo,1
La Salina ,EC-P,05/06/2008,03,Pato,0
La Salina ,EC-P,05/06/2008,03,Pelicano,0
La Salina ,EC-P,05/06/2008,03,Pampano,0
La Salina ,EC-P,05/06/2008,03,Pulpo,1
La Salina ,EC-P,05/06/2008,03,Sierra,1
La Salina ,EC-P,05/06/2008,03,Tiburon,1
La Salina ,EC-P,05/06/2008,03,Tortuga,0
La Salina ,EC-P,05/06/2008,03,Vibora de cascabel,0
La Salina ,EC-P,05/06/2008,03,Deditos-Batis,0
La Salina ,EC-P,05/06/2008,03,Sarcocornia pacifica,0
La Salina ,EC-P,05/06/2008,03,Batis maritima,0
La Salina ,EC-P,05/06/2008,03,Bichi,1
La Salina ,EC-P,05/06/2008,04,Aguila,0
La Salina ,EC-P,05/06/2008,04,Almeja chione,1
La Salina ,EC-P,05/06/2008,04,Anchoa,0
La Salina ,EC-P,05/06/2008,04,Angel,1
La Salina ,EC-P,05/06/2008,04,Anguila,0
La Salina ,EC-P,05/06/2008,04,Baqueta,0
La Salina ,EC-P,05/06/2008,04,Baya,0
La Salina ,EC-P,05/06/2008,04,Bocadulce,1
La Salina ,EC-P,05/06/2008,04,Botete,1
La Salina ,EC-P,05/06/2008,04,Buho,0
La Salina ,EC-P,05/06/2008,04,Cabrilla,0
La Salina ,EC-P,05/06/2008,04,Callo de hacha,0
La Salina ,EC-P,05/06/2008,04,Camaron azul,1
La Salina ,EC-P,05/06/2008,04,Camaron cafe,0
La Salina ,EC-P,05/06/2008,04,Camaron fantasma,0
La Salina ,EC-P,05/06/2008,04,Cangrejo violinista,1
La Salina ,EC-P,05/06/2008,04,Caracol,0
La Salina ,EC-P,05/06/2008,04,Caracol burro,1
La Salina ,EC-P,05/06/2008,04,Caracol chino,1
La Salina ,EC-P,05/06/2008,04,Cochi,1
La Salina ,EC-P,05/06/2008,04,Conejo cola blanca,1
La Salina ,EC-P,05/06/2008,04,Correcaminos,0
La Salina ,EC-P,05/06/2008,04,Coyote,1
La Salina ,EC-P,05/06/2008,04,Curbina plateada,1
La Salina ,EC-P,05/06/2008,04,Delfin,0
La Salina ,EC-P,05/06/2008,04,Escuela de peces,0
La Salina ,EC-P,05/06/2008,04,Gallito marino,0
La Salina ,EC-P,05/06/2008,04,Garza azul,1
La Salina ,EC-P,05/06/2008,04,Gaviota,0
La Salina ,EC-P,05/06/2008,04,Gobidos,0
La Salina ,EC-P,05/06/2008,04,Guitarra,1
La Salina ,EC-P,05/06/2008,04,Jaiba,1
La Salina ,EC-P,05/06/2008,04,Lenguado,1
La Salina ,EC-P,05/06/2008,04,Lisa,1
La Salina ,EC-P,05/06/2008,04,Manta arenera,1
La Salina ,EC-P,05/06/2008,04,Manta mariposa,1
La Salina ,EC-P,05/06/2008,04,Mojarra,0
La Salina ,EC-P,05/06/2008,04,Ostion,0
La Salina ,EC-P,05/06/2008,04,Ostrero,1
La Salina ,EC-P,05/06/2008,04,Pajarito piquilargo,1
La Salina ,EC-P,05/06/2008,04,Pato,0
La Salina ,EC-P,05/06/2008,04,Pelicano,0
La Salina ,EC-P,05/06/2008,04,Pampano,0
La Salina ,EC-P,05/06/2008,04,Pulpo,0
La Salina ,EC-P,05/06/2008,04,Sierra,0
La Salina ,EC-P,05/06/2008,04,Tiburon,1
La Salina ,EC-P,05/06/2008,04,Tortuga,0
La Salina ,EC-P,05/06/2008,04,Vibora de cascabel,0
La Salina ,EC-P,05/06/2008,04,Deditos-Batis,0
La Salina ,EC-P,05/06/2008,04,Sarcocornia pacifica,0
La Salina ,EC-P,05/06/2008,04,Batis maritima,0
La Salina ,EC-P,05/06/2008,04,Bichi,0
La Salina ,EC-P,05/06/2008,05,Aguila,0
La Salina ,EC-P,05/06/2008,05,Almeja chione,0
La Salina ,EC-P,05/06/2008,05,Anchoa,0
La Salina ,EC-P,05/06/2008,05,Angel,0
La Salina ,EC-P,05/06/2008,05,Anguila,1
La Salina ,EC-P,05/06/2008,05,Baqueta,0
La Salina ,EC-P,05/06/2008,05,Baya,0
La Salina ,EC-P,05/06/2008,05,Bocadulce,1
La Salina ,EC-P,05/06/2008,05,Botete,0
La Salina ,EC-P,05/06/2008,05,Buho,1
La Salina ,EC-P,05/06/2008,05,Cabrilla,1
La Salina ,EC-P,05/06/2008,05,Callo de hacha,1
La Salina ,EC-P,05/06/2008,05,Camaron azul,0
La Salina ,EC-P,05/06/2008,05,Camaron cafe,1
La Salina ,EC-P,05/06/2008,05,Camaron fantasma,1
La Salina ,EC-P,05/06/2008,05,Cangrejo violinista,1
La Salina ,EC-P,05/06/2008,05,Caracol,1
La Salina ,EC-P,05/06/2008,05,Caracol burro,1
La Salina ,EC-P,05/06/2008,05,Caracol chino,1
La Salina ,EC-P,05/06/2008,05,Cochi,0
La Salina ,EC-P,05/06/2008,05,Conejo cola blanca,0
La Salina ,EC-P,05/06/2008,05,Correcaminos,1
La Salina ,EC-P,05/06/2008,05,Coyote,1
La Salina ,EC-P,05/06/2008,05,Curbina plateada,1
La Salina ,EC-P,05/06/2008,05,Delfin,0
La Salina ,EC-P,05/06/2008,05,Escuela de peces,1
La Salina ,EC-P,05/06/2008,05,Gallito marino,1
La Salina ,EC-P,05/06/2008,05,Garza azul,1
La Salina ,EC-P,05/06/2008,05,Gaviota,1
La Salina ,EC-P,05/06/2008,05,Gobidos,0
La Salina ,EC-P,05/06/2008,05,Guitarra,1
La Salina ,EC-P,05/06/2008,05,Jaiba,0
La Salina ,EC-P,05/06/2008,05,Lenguado,1
La Salina ,EC-P,05/06/2008,05,Lisa,0
La Salina ,EC-P,05/06/2008,05,Manta arenera,1
La Salina ,EC-P,05/06/2008,05,Manta mariposa,1
La Salina ,EC-P,05/06/2008,05,Mojarra,0
La Salina ,EC-P,05/06/2008,05,Ostion,1
La Salina ,EC-P,05/06/2008,05,Ostrero,0
La Salina ,EC-P,05/06/2008,05,Pajarito piquilargo,1
La Salina ,EC-P,05/06/2008,05,Pato,0
La Salina ,EC-P,05/06/2008,05,Pelicano,1
La Salina ,EC-P,05/06/2008,05,Pampano,0
La Salina ,EC-P,05/06/2008,05,Pulpo,1
La Salina ,EC-P,05/06/2008,05,Sierra,1
La Salina ,EC-P,05/06/2008,05,Tiburon,1
La Salina ,EC-P,05/06/2008,05,Tortuga,1
La Salina ,EC-P,05/06/2008,05,Vibora de cascabel,1
La Salina ,EC-P,05/06/2008,05,Deditos-Batis,0
La Salina ,EC-P,05/06/2008,05,Sarcocornia pacifica,0
La Salina ,EC-P,05/06/2008,05,Batis maritima,0
La Salina ,EC-P,05/06/2008,05,Bichi,0
La Salina ,EC-P,05/09/2008,06,Aguila,0
La Salina ,EC-P,05/09/2008,06,Almeja chione,1
La Salina ,EC-P,05/09/2008,06,Anchoa,0
La Salina ,EC-P,05/09/2008,06,Angel,0
La Salina ,EC-P,05/09/2008,06,Anguila,1
La Salina ,EC-P,05/09/2008,06,Baqueta,0
La Salina ,EC-P,05/09/2008,06,Baya,0
La Salina ,EC-P,05/09/2008,06,Bocadulce,1
La Salina ,EC-P,05/09/2008,06,Botete,1
La Salina ,EC-P,05/09/2008,06,Buho,0
La Salina ,EC-P,05/09/2008,06,Cabrilla,1
La Salina ,EC-P,05/09/2008,06,Callo de hacha,1
La Salina ,EC-P,05/09/2008,06,Camaron azul,1
La Salina ,EC-P,05/09/2008,06,Camaron cafe,1
La Salina ,EC-P,05/09/2008,06,Camaron fantasma,0
La Salina ,EC-P,05/09/2008,06,Cangrejo violinista,1
La Salina ,EC-P,05/09/2008,06,Caracol,0
La Salina ,EC-P,05/09/2008,06,Caracol burro,1
La Salina ,EC-P,05/09/2008,06,Caracol chino,1
La Salina ,EC-P,05/09/2008,06,Cochi,0
La Salina ,EC-P,05/09/2008,06,Conejo cola blanca,1
La Salina ,EC-P,05/09/2008,06,Correcaminos,0
La Salina ,EC-P,05/09/2008,06,Coyote,1
La Salina ,EC-P,05/09/2008,06,Curbina plateada,1
La Salina ,EC-P,05/09/2008,06,Delfin,1
La Salina ,EC-P,05/09/2008,06,Escuela de peces,0
La Salina ,EC-P,05/09/2008,06,Gallito marino,1
La Salina ,EC-P,05/09/2008,06,Garza azul,1
La Salina ,EC-P,05/09/2008,06,Gaviota,1
La Salina ,EC-P,05/09/2008,06,Gobidos,0
La Salina ,EC-P,05/09/2008,06,Guitarra,1
La Salina ,EC-P,05/09/2008,06,Jaiba,1
La Salina ,EC-P,05/09/2008,06,Lenguado,1
La Salina ,EC-P,05/09/2008,06,Lisa,1
La Salina ,EC-P,05/09/2008,06,Manta arenera,1
La Salina ,EC-P,05/09/2008,06,Manta mariposa,1
La Salina ,EC-P,05/09/2008,06,Mojarra,0
La Salina ,EC-P,05/09/2008,06,Ostion,1
La Salina ,EC-P,05/09/2008,06,Ostrero,1
La Salina ,EC-P,05/09/2008,06,Pajarito piquilargo,1
La Salina ,EC-P,05/09/2008,06,Pato,0
La Salina ,EC-P,05/09/2008,06,Pelicano,1
La Salina ,EC-P,05/09/2008,06,Pampano,1
La Salina ,EC-P,05/09/2008,06,Pulpo,0
La Salina ,EC-P,05/09/2008,06,Sierra,1
La Salina ,EC-P,05/09/2008,06,Tiburon,1
La Salina ,EC-P,05/09/2008,06,Tortuga,1
La Salina ,EC-P,05/09/2008,06,Vibora de cascabel,1
La Salina ,EC-P,05/09/2008,06,Deditos-Batis,1
La Salina ,EC-P,05/09/2008,06,Sarcocornia pacifica,0
La Salina ,EC-P,05/09/2008,06,Batis maritima,0
La Salina ,EC-P,05/09/2008,06,Bichi,1
Bahia Adair,GC-P,05/12/2008,01,Aguila,0
Bahia Adair,GC-P,05/12/2008,01,Almeja chione,0
Bahia Adair,GC-P,05/12/2008,01,Anchoa,0
Bahia Adair,GC-P,05/12/2008,01,Angel,0
Bahia Adair,GC-P,05/12/2008,01,Anguila,0
Bahia Adair,GC-P,05/12/2008,01,Baqueta,0
Bahia Adair,GC-P,05/12/2008,01,Baya,0
Bahia Adair,GC-P,05/12/2008,01,Bocadulce,0
Bahia Adair,GC-P,05/12/2008,01,Botete,0
Bahia Adair,GC-P,05/12/2008,01,Buho,0
Bahia Adair,GC-P,05/12/2008,01,Cabrilla,0
Bahia Adair,GC-P,05/12/2008,01,Callo de hacha,1
Bahia Adair,GC-P,05/12/2008,01,Camaron azul,0
Bahia Adair,GC-P,05/12/2008,01,Camaron cafe,0
Bahia Adair,GC-P,05/12/2008,01,Camaron fantasma,0
Bahia Adair,GC-P,05/12/2008,01,Cangrejo violinista,0
Bahia Adair,GC-P,05/12/2008,01,Caracol,0
Bahia Adair,GC-P,05/12/2008,01,Caracol burro,1
Bahia Adair,GC-P,05/12/2008,01,Caracol chino,1
Bahia Adair,GC-P,05/12/2008,01,Cochi,0
Bahia Adair,GC-P,05/12/2008,01,Conejo cola blanca,1
Bahia Adair,GC-P,05/12/2008,01,Correcaminos,1
Bahia Adair,GC-P,05/12/2008,01,Coyote,1
Bahia Adair,GC-P,05/12/2008,01,Curbina plateada,1
Bahia Adair,GC-P,05/12/2008,01,Delfin,0
Bahia Adair,GC-P,05/12/2008,01,Escuela de peces,0
Bahia Adair,GC-P,05/12/2008,01,Gallito marino,1
Bahia Adair,GC-P,05/12/2008,01,Garza azul,1
Bahia Adair,GC-P,05/12/2008,01,Gaviota,1
Bahia Adair,GC-P,05/12/2008,01,Gobidos,1
Bahia Adair,GC-P,05/12/2008,01,Guitarra,1
Bahia Adair,GC-P,05/12/2008,01,Jaiba,1
Bahia Adair,GC-P,05/12/2008,01,Lenguado,1
Bahia Adair,GC-P,05/12/2008,01,Lisa,1
Bahia Adair,GC-P,05/12/2008,01,Manta arenera,1
Bahia Adair,GC-P,05/12/2008,01,Manta mariposa,1
Bahia Adair,GC-P,05/12/2008,01,Mojarra,0
Bahia Adair,GC-P,05/12/2008,01,Ostion,0
Bahia Adair,GC-P,05/12/2008,01,Ostrero,0
Bahia Adair,GC-P,05/12/2008,01,Pajarito piquilargo,1
Bahia Adair,GC-P,05/12/2008,01,Pato,1
Bahia Adair,GC-P,05/12/2008,01,Pelicano,1
Bahia Adair,GC-P,05/12/2008,01,Pampano,0
Bahia Adair,GC-P,05/12/2008,01,Pulpo,0
Bahia Adair,GC-P,05/12/2008,01,Sierra,0
Bahia Adair,GC-P,05/12/2008,01,Tiburon,0
Bahia Adair,GC-P,05/12/2008,01,Tortuga,0
Bahia Adair,GC-P,05/12/2008,01,Vibora de cascabel,1
Bahia Adair,GC-P,05/12/2008,01,Deditos-Batis,0
Bahia Adair,GC-P,05/12/2008,01,Sarcocornia pacifica,0
Bahia Adair,GC-P,05/12/2008,01,Batis maritima,0
Bahia Adair,GC-P,05/12/2008,01,Bichi,0
Bahia Adair,GC-P,05/12/2008,02,Aguila,0
Bahia Adair,GC-P,05/12/2008,02,Almeja chione,1
Bahia Adair,GC-P,05/12/2008,02,Anchoa,0
Bahia Adair,GC-P,05/12/2008,02,Angel,0
Bahia Adair,GC-P,05/12/2008,02,Anguila,1
Bahia Adair,GC-P,05/12/2008,02,Baqueta,0
Bahia Adair,GC-P,05/12/2008,02,Baya,0
Bahia Adair,GC-P,05/12/2008,02,Bocadulce,1
Bahia Adair,GC-P,05/12/2008,02,Botete,1
Bahia Adair,GC-P,05/12/2008,02,Buho,0
Bahia Adair,GC-P,05/12/2008,02,Cabrilla,1
Bahia Adair,GC-P,05/12/2008,02,Callo de hacha,0
Bahia Adair,GC-P,05/12/2008,02,Camaron azul,1
Bahia Adair,GC-P,05/12/2008,02,Camaron cafe,1
Bahia Adair,GC-P,05/12/2008,02,Camaron fantasma,0
Bahia Adair,GC-P,05/12/2008,02,Cangrejo violinista,0
Bahia Adair,GC-P,05/12/2008,02,Caracol,0
Bahia Adair,GC-P,05/12/2008,02,Caracol burro,1
Bahia Adair,GC-P,05/12/2008,02,Caracol chino,1
Bahia Adair,GC-P,05/12/2008,02,Cochi,0
Bahia Adair,GC-P,05/12/2008,02,Conejo cola blanca,0
Bahia Adair,GC-P,05/12/2008,02,Correcaminos,0
Bahia Adair,GC-P,05/12/2008,02,Coyote,0
Bahia Adair,GC-P,05/12/2008,02,Curbina plateada,1
Bahia Adair,GC-P,05/12/2008,02,Delfin,1
Bahia Adair,GC-P,05/12/2008,02,Escuela de peces,1
Bahia Adair,GC-P,05/12/2008,02,Gallito marino,1
Bahia Adair,GC-P,05/12/2008,02,Garza azul,1
Bahia Adair,GC-P,05/12/2008,02,Gaviota,1
Bahia Adair,GC-P,05/12/2008,02,Gobidos,0
Bahia Adair,GC-P,05/12/2008,02,Guitarra,1
Bahia Adair,GC-P,05/12/2008,02,Jaiba,1
Bahia Adair,GC-P,05/12/2008,02,Lenguado,0
Bahia Adair,GC-P,05/12/2008,02,Lisa,1
Bahia Adair,GC-P,05/12/2008,02,Manta arenera,1
Bahia Adair,GC-P,05/12/2008,02,Manta mariposa,0
Bahia Adair,GC-P,05/12/2008,02,Mojarra,1
Bahia Adair,GC-P,05/12/2008,02,Ostion,0
Bahia Adair,GC-P,05/12/2008,02,Ostrero,1
Bahia Adair,GC-P,05/12/2008,02,Pajarito piquilargo,0
Bahia Adair,GC-P,05/12/2008,02,Pato,0
Bahia Adair,GC-P,05/12/2008,02,Pelicano,1
Bahia Adair,GC-P,05/12/2008,02,Pampano,1
Bahia Adair,GC-P,05/12/2008,02,Pulpo,1
Bahia Adair,GC-P,05/12/2008,02,Sierra,1
Bahia Adair,GC-P,05/12/2008,02,Tiburon,1
Bahia Adair,GC-P,05/12/2008,02,Tortuga,1
Bahia Adair,GC-P,05/12/2008,02,Vibora de cascabel,0
Bahia Adair,GC-P,05/12/2008,02,Deditos-Batis,0
Bahia Adair,GC-P,05/12/2008,02,Sarcocornia pacifica,0
Bahia Adair,GC-P,05/12/2008,02,Batis maritima,0
Bahia Adair,GC-P,05/12/2008,02,Bichi,1
La Pinta ,PP-P,04/08/2008,01,Aguila,0
La Pinta ,PP-P,04/08/2008,01,Almeja chione,1
La Pinta ,PP-P,04/08/2008,01,Anchoa,0
La Pinta ,PP-P,04/08/2008,01,Angel,0
La Pinta ,PP-P,04/08/2008,01,Anguila,0
La Pinta ,PP-P,04/08/2008,01,Baqueta,0
La Pinta ,PP-P,04/08/2008,01,Baya,0
La Pinta ,PP-P,04/08/2008,01,Bocadulce,0
La Pinta ,PP-P,04/08/2008,01,Botete,1
La Pinta ,PP-P,04/08/2008,01,Buho,1
La Pinta ,PP-P,04/08/2008,01,Cabrilla,0
La Pinta ,PP-P,04/08/2008,01,Callo de hacha,0
La Pinta ,PP-P,04/08/2008,01,Camaron azul,1
La Pinta ,PP-P,04/08/2008,01,Camaron cafe,0
La Pinta ,PP-P,04/08/2008,01,Camaron fantasma,0
La Pinta ,PP-P,04/08/2008,01,Cangrejo violinista,0
La Pinta ,PP-P,04/08/2008,01,Caracol,0
La Pinta ,PP-P,04/08/2008,01,Caracol burro,0
La Pinta ,PP-P,04/08/2008,01,Caracol chino,1
La Pinta ,PP-P,04/08/2008,01,Cochi,0
La Pinta ,PP-P,04/08/2008,01,Conejo cola blanca,0
La Pinta ,PP-P,04/08/2008,01,Correcaminos,0
La Pinta ,PP-P,04/08/2008,01,Coyote,1
La Pinta ,PP-P,04/08/2008,01,Curbina plateada,1
La Pinta ,PP-P,04/08/2008,01,Delfin,0
La Pinta ,PP-P,04/08/2008,01,Escuela de peces,0
La Pinta ,PP-P,04/08/2008,01,Gallito marino,0
La Pinta ,PP-P,04/08/2008,01,Garza azul,0
La Pinta ,PP-P,04/08/2008,01,Gaviota,0
La Pinta ,PP-P,04/08/2008,01,Gobidos,0
La Pinta ,PP-P,04/08/2008,01,Guitarra,0
La Pinta ,PP-P,04/08/2008,01,Jaiba,1
La Pinta ,PP-P,04/08/2008,01,Lenguado,1
La Pinta ,PP-P,04/08/2008,01,Lisa,1
La Pinta ,PP-P,04/08/2008,01,Manta arenera,0
La Pinta ,PP-P,04/08/2008,01,Manta mariposa,0
La Pinta ,PP-P,04/08/2008,01,Mojarra,0
La Pinta ,PP-P,04/08/2008,01,Ostion,0
La Pinta ,PP-P,04/08/2008,01,Ostrero,0
La Pinta ,PP-P,04/08/2008,01,Pajarito piquilargo,0
La Pinta ,PP-P,04/08/2008,01,Pato,0
La Pinta ,PP-P,04/08/2008,01,Pelicano,0
La Pinta ,PP-P,04/08/2008,01,Pampano,1
La Pinta ,PP-P,04/08/2008,01,Pulpo,0
La Pinta ,PP-P,04/08/2008,01,Sierra,0
La Pinta ,PP-P,04/08/2008,01,Tiburon,1
La Pinta ,PP-P,04/08/2008,01,Tortuga,0
La Pinta ,PP-P,04/08/2008,01,Vibora de cascabel,0
La Pinta ,PP-P,04/08/2008,01,Deditos-Batis,0
La Pinta ,PP-P,04/08/2008,01,Sarcocornia pacifica,1
La Pinta ,PP-P,04/08/2008,01,Batis maritima,0
La Pinta ,PP-P,04/08/2008,01,Bichi,1
La Pinta ,PP-P,04/09/2008,02,Aguila,0
La Pinta ,PP-P,04/09/2008,02,Almeja chione,1
La Pinta ,PP-P,04/09/2008,02,Anchoa,0
La Pinta ,PP-P,04/09/2008,02,Angel,1
La Pinta ,PP-P,04/09/2008,02,Anguila,0
La Pinta ,PP-P,04/09/2008,02,Baqueta,0
La Pinta ,PP-P,04/09/2008,02,Baya,0
La Pinta ,PP-P,04/09/2008,02,Bocadulce,0
La Pinta ,PP-P,04/09/2008,02,Botete,1
La Pinta ,PP-P,04/09/2008,02,Buho,0
La Pinta ,PP-P,04/09/2008,02,Cabrilla,0
La Pinta ,PP-P,04/09/2008,02,Callo de hacha,1
La Pinta ,PP-P,04/09/2008,02,Camaron azul,1
La Pinta ,PP-P,04/09/2008,02,Camaron cafe,0
La Pinta ,PP-P,04/09/2008,02,Camaron fantasma,0
La Pinta ,PP-P,04/09/2008,02,Cangrejo violinista,0
La Pinta ,PP-P,04/09/2008,02,Caracol,0
La Pinta ,PP-P,04/09/2008,02,Caracol burro,1
La Pinta ,PP-P,04/09/2008,02,Caracol chino,1
La Pinta ,PP-P,04/09/2008,02,Cochi,1
La Pinta ,PP-P,04/09/2008,02,Conejo cola blanca,0
La Pinta ,PP-P,04/09/2008,02,Correcaminos,0
La Pinta ,PP-P,04/09/2008,02,Coyote,1
La Pinta ,PP-P,04/09/2008,02,Curbina plateada,0
La Pinta ,PP-P,04/09/2008,02,Delfin,0
La Pinta ,PP-P,04/09/2008,02,Escuela de peces,1
La Pinta ,PP-P,04/09/2008,02,Gallito marino,1
La Pinta ,PP-P,04/09/2008,02,Garza azul,1
La Pinta ,PP-P,04/09/2008,02,Gaviota,0
La Pinta ,PP-P,04/09/2008,02,Gobidos,0
La Pinta ,PP-P,04/09/2008,02,Guitarra,0
La Pinta ,PP-P,04/09/2008,02,Jaiba,1
La Pinta ,PP-P,04/09/2008,02,Lenguado,0
La Pinta ,PP-P,04/09/2008,02,Lisa,1
La Pinta ,PP-P,04/09/2008,02,Manta arenera,1
La Pinta ,PP-P,04/09/2008,02,Manta mariposa,0
La Pinta ,PP-P,04/09/2008,02,Mojarra,1
La Pinta ,PP-P,04/09/2008,02,Ostion,0
La Pinta ,PP-P,04/09/2008,02,Ostrero,1
La Pinta ,PP-P,04/09/2008,02,Pajarito piquilargo,1
La Pinta ,PP-P,04/09/2008,02,Pato,0
La Pinta ,PP-P,04/09/2008,02,Pelicano,0
La Pinta ,PP-P,04/09/2008,02,Pampano,1
La Pinta ,PP-P,04/09/2008,02,Pulpo,1
La Pinta ,PP-P,04/09/2008,02,Sierra,1
La Pinta ,PP-P,04/09/2008,02,Tiburon,0
La Pinta ,PP-P,04/09/2008,02,Tortuga,0
La Pinta ,PP-P,04/09/2008,02,Vibora de cascabel,1
La Pinta ,PP-P,04/09/2008,02,Deditos-Batis,0
La Pinta ,PP-P,04/09/2008,02,Sarcocornia pacifica,1
La Pinta ,PP-P,04/09/2008,02,Batis maritima,0
La Pinta ,PP-P,04/09/2008,02,Bichi,1
Almejas ,PP-P,05/29/2008,03,Aguila,0
Almejas ,PP-P,05/29/2008,03,Almeja chione,0
Almejas ,PP-P,05/29/2008,03,Anchoa,1
Almejas ,PP-P,05/29/2008,03,Angel,0
Almejas ,PP-P,05/29/2008,03,Anguila,0
Almejas ,PP-P,05/29/2008,03,Baqueta,1
Almejas ,PP-P,05/29/2008,03,Baya,0
Almejas ,PP-P,05/29/2008,03,Bocadulce,1
Almejas ,PP-P,05/29/2008,03,Botete,1
Almejas ,PP-P,05/29/2008,03,Buho,0
Almejas ,PP-P,05/29/2008,03,Cabrilla,1
Almejas ,PP-P,05/29/2008,03,Callo de hacha,0
Almejas ,PP-P,05/29/2008,03,Camaron azul,0
Almejas ,PP-P,05/29/2008,03,Camaron cafe,0
Almejas ,PP-P,05/29/2008,03,Camaron fantasma,0
Almejas ,PP-P,05/29/2008,03,Cangrejo violinista,1
Almejas ,PP-P,05/29/2008,03,Caracol,0
Almejas ,PP-P,05/29/2008,03,Caracol burro,1
Almejas ,PP-P,05/29/2008,03,Caracol chino,1
Almejas ,PP-P,05/29/2008,03,Cochi,1
Almejas ,PP-P,05/29/2008,03,Conejo cola blanca,1
Almejas ,PP-P,05/29/2008,03,Correcaminos,0
Almejas ,PP-P,05/29/2008,03,Coyote,1
Almejas ,PP-P,05/29/2008,03,Curbina plateada,0
Almejas ,PP-P,05/29/2008,03,Delfin,0
Almejas ,PP-P,05/29/2008,03,Escuela de peces,1
Almejas ,PP-P,05/29/2008,03,Gallito marino,1
Almejas ,PP-P,05/29/2008,03,Garza azul,0
Almejas ,PP-P,05/29/2008,03,Gaviota,1
Almejas ,PP-P,05/29/2008,03,Gobidos,0
Almejas ,PP-P,05/29/2008,03,Guitarra,0
Almejas ,PP-P,05/29/2008,03,Jaiba,1
Almejas ,PP-P,05/29/2008,03,Lenguado,0
Almejas ,PP-P,05/29/2008,03,Lisa,1
Almejas ,PP-P,05/29/2008,03,Manta arenera,1
Almejas ,PP-P,05/29/2008,03,Manta mariposa,0
Almejas ,PP-P,05/29/2008,03,Mojarra,0
Almejas ,PP-P,05/29/2008,03,Ostion,0
Almejas ,PP-P,05/29/2008,03,Ostrero,1
Almejas ,PP-P,05/29/2008,03,Pajarito piquilargo,0
Almejas ,PP-P,05/29/2008,03,Pato,0
Almejas ,PP-P,05/29/2008,03,Pelicano,1
Almejas ,PP-P,05/29/2008,03,Pampano,1
Almejas ,PP-P,05/29/2008,03,Pulpo,0
Almejas ,PP-P,05/29/2008,03,Sierra,1
Almejas ,PP-P,05/29/2008,03,Tiburon,0
Almejas ,PP-P,05/29/2008,03,Tortuga,1
Almejas ,PP-P,05/29/2008,03,Vibora de cascabel,1
Almejas ,PP-P,05/29/2008,03,Deditos-Batis,0
Almejas ,PP-P,05/29/2008,03,Sarcocornia pacifica,0
Almejas ,PP-P,05/29/2008,03,Batis maritima,0
Almejas ,PP-P,05/29/2008,03,Bichi,0
La Salina ,PP-P,04/22/2008,04,Aguila,0
La Salina ,PP-P,04/22/2008,04,Almeja chione,1
La Salina ,PP-P,04/22/2008,04,Anchoa,0
La Salina ,PP-P,04/22/2008,04,Angel,0
La Salina ,PP-P,04/22/2008,04,Anguila,0
La Salina ,PP-P,04/22/2008,04,Baqueta,1
La Salina ,PP-P,04/22/2008,04,Baya,1
La Salina ,PP-P,04/22/2008,04,Bocadulce,0
La Salina ,PP-P,04/22/2008,04,Botete,0
La Salina ,PP-P,04/22/2008,04,Buho,0
La Salina ,PP-P,04/22/2008,04,Cabrilla,0
La Salina ,PP-P,04/22/2008,04,Callo de hacha,0
La Salina ,PP-P,04/22/2008,04,Camaron azul,1
La Salina ,PP-P,04/22/2008,04,Camaron cafe,0
La Salina ,PP-P,04/22/2008,04,Camaron fantasma,0
La Salina ,PP-P,04/22/2008,04,Cangrejo violinista,1
La Salina ,PP-P,04/22/2008,04,Caracol,0
La Salina ,PP-P,04/22/2008,04,Caracol burro,0
La Salina ,PP-P,04/22/2008,04,Caracol chino,1
La Salina ,PP-P,04/22/2008,04,Cochi,0
La Salina ,PP-P,04/22/2008,04,Conejo cola blanca,1
La Salina ,PP-P,04/22/2008,04,Correcaminos,1
La Salina ,PP-P,04/22/2008,04,Coyote,1
La Salina ,PP-P,04/22/2008,04,Curbina plateada,1
La Salina ,PP-P,04/22/2008,04,Delfin,0
La Salina ,PP-P,04/22/2008,04,Escuela de peces,0
La Salina ,PP-P,04/22/2008,04,Gallito marino,1
La Salina ,PP-P,04/22/2008,04,Garza azul,0
La Salina ,PP-P,04/22/2008,04,Gaviota,1
La Salina ,PP-P,04/22/2008,04,Gobidos,0
La Salina ,PP-P,04/22/2008,04,Guitarra,0
La Salina ,PP-P,04/22/2008,04,Jaiba,1
La Salina ,PP-P,04/22/2008,04,Lenguado,1
La Salina ,PP-P,04/22/2008,04,Lisa,1
La Salina ,PP-P,04/22/2008,04,Manta arenera,1
La Salina ,PP-P,04/22/2008,04,Manta mariposa,1
La Salina ,PP-P,04/22/2008,04,Mojarra,0
La Salina ,PP-P,04/22/2008,04,Ostion,0
La Salina ,PP-P,04/22/2008,04,Ostrero,0
La Salina ,PP-P,04/22/2008,04,Pajarito piquilargo,0
La Salina ,PP-P,04/22/2008,04,Pato,0
La Salina ,PP-P,04/22/2008,04,Pelicano,1
La Salina ,PP-P,04/22/2008,04,Pampano,1
La Salina ,PP-P,04/22/2008,04,Pulpo,0
La Salina ,PP-P,04/22/2008,04,Sierra,1
La Salina ,PP-P,04/22/2008,04,Tiburon,1
La Salina ,PP-P,04/22/2008,04,Tortuga,1
La Salina ,PP-P,04/22/2008,04,Vibora de cascabel,1
La Salina ,PP-P,04/22/2008,04,Deditos-Batis,0
La Salina ,PP-P,04/22/2008,04,Sarcocornia pacifica,0
La Salina ,PP-P,04/22/2008,04,Batis maritima,0
La Salina ,PP-P,04/22/2008,04,Bichi,1
La Cholla,PP-P,05/16/2008,05,Aguila,0
La Cholla,PP-P,05/16/2008,05,Almeja chione,1
La Cholla,PP-P,05/16/2008,05,Anchoa,0
La Cholla,PP-P,05/16/2008,05,Angel,0
La Cholla,PP-P,05/16/2008,05,Anguila,0
La Cholla,PP-P,05/16/2008,05,Baqueta,0
La Cholla,PP-P,05/16/2008,05,Baya,0
La Cholla,PP-P,05/16/2008,05,Bocadulce,0
La Cholla,PP-P,05/16/2008,05,Botete,0
La Cholla,PP-P,05/16/2008,05,Buho,1
La Cholla,PP-P,05/16/2008,05,Cabrilla,0
La Cholla,PP-P,05/16/2008,05,Callo de hacha,0
La Cholla,PP-P,05/16/2008,05,Camaron azul,0
La Cholla,PP-P,05/16/2008,05,Camaron cafe,0
La Cholla,PP-P,05/16/2008,05,Camaron fantasma,0
La Cholla,PP-P,05/16/2008,05,Cangrejo violinista,0
La Cholla,PP-P,05/16/2008,05,Caracol,0
La Cholla,PP-P,05/16/2008,05,Caracol burro,1
La Cholla,PP-P,05/16/2008,05,Caracol chino,1
La Cholla,PP-P,05/16/2008,05,Cochi,0
La Cholla,PP-P,05/16/2008,05,Conejo cola blanca,1
La Cholla,PP-P,05/16/2008,05,Correcaminos,1
La Cholla,PP-P,05/16/2008,05,Coyote,1
La Cholla,PP-P,05/16/2008,05,Curbina plateada,1
La Cholla,PP-P,05/16/2008,05,Delfin,1
La Cholla,PP-P,05/16/2008,05,Escuela de peces,1
La Cholla,PP-P,05/16/2008,05,Gallito marino,0
La Cholla,PP-P,05/16/2008,05,Garza azul,0
La Cholla,PP-P,05/16/2008,05,Gaviota,1
La Cholla,PP-P,05/16/2008,05,Gobidos,0
La Cholla,PP-P,05/16/2008,05,Guitarra,1
La Cholla,PP-P,05/16/2008,05,Jaiba,1
La Cholla,PP-P,05/16/2008,05,Lenguado,0
La Cholla,PP-P,05/16/2008,05,Lisa,1
La Cholla,PP-P,05/16/2008,05,Manta arenera,1
La Cholla,PP-P,05/16/2008,05,Manta mariposa,1
La Cholla,PP-P,05/16/2008,05,Mojarra,0
La Cholla,PP-P,05/16/2008,05,Ostion,1
La Cholla,PP-P,05/16/2008,05,Ostrero,0
La Cholla,PP-P,05/16/2008,05,Pajarito piquilargo,0
La Cholla,PP-P,05/16/2008,05,Pato,0
La Cholla,PP-P,05/16/2008,05,Pelicano,0
La Cholla,PP-P,05/16/2008,05,Pampano,0
La Cholla,PP-P,05/16/2008,05,Pulpo,0
La Cholla,PP-P,05/16/2008,05,Sierra,0
La Cholla,PP-P,05/16/2008,05,Tiburon,0
La Cholla,PP-P,05/16/2008,05,Tortuga,1
La Cholla,PP-P,05/16/2008,05,Vibora de cascabel,1
La Cholla,PP-P,05/16/2008,05,Deditos-Batis,0
La Cholla,PP-P,05/16/2008,05,Sarcocornia pacifica,0
La Cholla,PP-P,05/16/2008,05,Batis maritima,0
La Cholla,PP-P,05/16/2008,05,Bichi,0
La Pinta ,PP-P,05/19/2008,06,Aguila,0
La Pinta ,PP-P,05/19/2008,06,Almeja chione,1
La Pinta ,PP-P,05/19/2008,06,Anchoa,0
La Pinta ,PP-P,05/19/2008,06,Angel,0
La Pinta ,PP-P,05/19/2008,06,Anguila,0
La Pinta ,PP-P,05/19/2008,06,Baqueta,0
La Pinta ,PP-P,05/19/2008,06,Baya,0
La Pinta ,PP-P,05/19/2008,06,Bocadulce,1
La Pinta ,PP-P,05/19/2008,06,Botete,1
La Pinta ,PP-P,05/19/2008,06,Buho,0
La Pinta ,PP-P,05/19/2008,06,Cabrilla,0
La Pinta ,PP-P,05/19/2008,06,Callo de hacha,0
La Pinta ,PP-P,05/19/2008,06,Camaron azul,1
La Pinta ,PP-P,05/19/2008,06,Camaron cafe,0
La Pinta ,PP-P,05/19/2008,06,Camaron fantasma,0
La Pinta ,PP-P,05/19/2008,06,Cangrejo violinista,1
La Pinta ,PP-P,05/19/2008,06,Caracol,0
La Pinta ,PP-P,05/19/2008,06,Caracol burro,1
La Pinta ,PP-P,05/19/2008,06,Caracol chino,1
La Pinta ,PP-P,05/19/2008,06,Cochi,0
La Pinta ,PP-P,05/19/2008,06,Conejo cola blanca,1
La Pinta ,PP-P,05/19/2008,06,Correcaminos,0
La Pinta ,PP-P,05/19/2008,06,Coyote,1
La Pinta ,PP-P,05/19/2008,06,Curbina plateada,1
La Pinta ,PP-P,05/19/2008,06,Delfin,1
La Pinta ,PP-P,05/19/2008,06,Escuela de peces,1
La Pinta ,PP-P,05/19/2008,06,Gallito marino,1
La Pinta ,PP-P,05/19/2008,06,Garza azul,1
La Pinta ,PP-P,05/19/2008,06,Gaviota,0
La Pinta ,PP-P,05/19/2008,06,Gobidos,0
La Pinta ,PP-P,05/19/2008,06,Guitarra,1
La Pinta ,PP-P,05/19/2008,06,Jaiba,1
La Pinta ,PP-P,05/19/2008,06,Lenguado,1
La Pinta ,PP-P,05/19/2008,06,Lisa,1
La Pinta ,PP-P,05/19/2008,06,Manta arenera,1
La Pinta ,PP-P,05/19/2008,06,Manta mariposa,0
La Pinta ,PP-P,05/19/2008,06,Mojarra,0
La Pinta ,PP-P,05/19/2008,06,Ostion,0
La Pinta ,PP-P,05/19/2008,06,Ostrero,1
La Pinta ,PP-P,05/19/2008,06,Pajarito piquilargo,1
La Pinta ,PP-P,05/19/2008,06,Pato,0
La Pinta ,PP-P,05/19/2008,06,Pelicano,1
La Pinta ,PP-P,05/19/2008,06,Pampano,0
La Pinta ,PP-P,05/19/2008,06,Pulpo,0
La Pinta ,PP-P,05/19/2008,06,Sierra,1
La Pinta ,PP-P,05/19/2008,06,Tiburon,1
La Pinta ,PP-P,05/19/2008,06,Tortuga,1
La Pinta ,PP-P,05/19/2008,06,Vibora de cascabel,1
La Pinta ,PP-P,05/19/2008,06,Deditos-Batis,0
La Pinta ,PP-P,05/19/2008,06,Sarcocornia pacifica,0
La Pinta ,PP-P,05/19/2008,06,Batis maritima,0
La Pinta ,PP-P,05/19/2008,06,Bichi,0
Bahia Adair,PP-P,05/20/2008,07,Aguila,1
Bahia Adair,PP-P,05/20/2008,07,Almeja chione,1
Bahia Adair,PP-P,05/20/2008,07,Anchoa,0
Bahia Adair,PP-P,05/20/2008,07,Angel,0
Bahia Adair,PP-P,05/20/2008,07,Anguila,1
Bahia Adair,PP-P,05/20/2008,07,Baqueta,1
Bahia Adair,PP-P,05/20/2008,07,Baya,0
Bahia Adair,PP-P,05/20/2008,07,Bocadulce,0
Bahia Adair,PP-P,05/20/2008,07,Botete,0
Bahia Adair,PP-P,05/20/2008,07,Buho,0
Bahia Adair,PP-P,05/20/2008,07,Cabrilla,0
Bahia Adair,PP-P,05/20/2008,07,Callo de hacha,0
Bahia Adair,PP-P,05/20/2008,07,Camaron azul,0
Bahia Adair,PP-P,05/20/2008,07,Camaron cafe,0
Bahia Adair,PP-P,05/20/2008,07,Camaron fantasma,0
Bahia Adair,PP-P,05/20/2008,07,Cangrejo violinista,0
Bahia Adair,PP-P,05/20/2008,07,Caracol,0
Bahia Adair,PP-P,05/20/2008,07,Caracol burro,1
Bahia Adair,PP-P,05/20/2008,07,Caracol chino,1
Bahia Adair,PP-P,05/20/2008,07,Cochi,0
Bahia Adair,PP-P,05/20/2008,07,Conejo cola blanca,1
Bahia Adair,PP-P,05/20/2008,07,Correcaminos,0
Bahia Adair,PP-P,05/20/2008,07,Coyote,1
Bahia Adair,PP-P,05/20/2008,07,Curbina plateada,0
Bahia Adair,PP-P,05/20/2008,07,Delfin,1
Bahia Adair,PP-P,05/20/2008,07,Escuela de peces,1
Bahia Adair,PP-P,05/20/2008,07,Gallito marino,0
Bahia Adair,PP-P,05/20/2008,07,Garza azul,1
Bahia Adair,PP-P,05/20/2008,07,Gaviota,1
Bahia Adair,PP-P,05/20/2008,07,Gobidos,0
Bahia Adair,PP-P,05/20/2008,07,Guitarra,1
Bahia Adair,PP-P,05/20/2008,07,Jaiba,0
Bahia Adair,PP-P,05/20/2008,07,Lenguado,0
Bahia Adair,PP-P,05/20/2008,07,Lisa,0
Bahia Adair,PP-P,05/20/2008,07,Manta arenera,1
Bahia Adair,PP-P,05/20/2008,07,Manta mariposa,0
Bahia Adair,PP-P,05/20/2008,07,Mojarra,0
Bahia Adair,PP-P,05/20/2008,07,Ostion,0
Bahia Adair,PP-P,05/20/2008,07,Ostrero,1
Bahia Adair,PP-P,05/20/2008,07,Pajarito piquilargo,1
Bahia Adair,PP-P,05/20/2008,07,Pato,1
Bahia Adair,PP-P,05/20/2008,07,Pelicano,1
Bahia Adair,PP-P,05/20/2008,07,Pampano,1
Bahia Adair,PP-P,05/20/2008,07,Pulpo,0
Bahia Adair,PP-P,05/20/2008,07,Sierra,1
Bahia Adair,PP-P,05/20/2008,07,Tiburon,1
Bahia Adair,PP-P,05/20/2008,07,Tortuga,1
Bahia Adair,PP-P,05/20/2008,07,Vibora de cascabel,1
Bahia Adair,PP-P,05/20/2008,07,Deditos-Batis,0
Bahia Adair,PP-P,05/20/2008,07,Sarcocornia pacifica,0
Bahia Adair,PP-P,05/20/2008,07,Batis maritima,0
Bahia Adair,PP-P,05/20/2008,07,Bichi,0
La Pinta ,PP-P,05/27/2008,10,Aguila,1
La Pinta ,PP-P,05/27/2008,10,Almeja chione,1
La Pinta ,PP-P,05/27/2008,10,Anchoa,1
La Pinta ,PP-P,05/27/2008,10,Angel,0
La Pinta ,PP-P,05/27/2008,10,Anguila,0
La Pinta ,PP-P,05/27/2008,10,Baqueta,0
La Pinta ,PP-P,05/27/2008,10,Baya,1
La Pinta ,PP-P,05/27/2008,10,Bocadulce,1
La Pinta ,PP-P,05/27/2008,10,Botete,1
La Pinta ,PP-P,05/27/2008,10,Buho,1
La Pinta ,PP-P,05/27/2008,10,Cabrilla,1
La Pinta ,PP-P,05/27/2008,10,Callo de hacha,1
La Pinta ,PP-P,05/27/2008,10,Camaron azul,1
La Pinta ,PP-P,05/27/2008,10,Camaron cafe,1
La Pinta ,PP-P,05/27/2008,10,Camaron fantasma,0
La Pinta ,PP-P,05/27/2008,10,Cangrejo violinista,1
La Pinta ,PP-P,05/27/2008,10,Caracol,1
La Pinta ,PP-P,05/27/2008,10,Caracol burro,1
La Pinta ,PP-P,05/27/2008,10,Caracol chino,1
La Pinta ,PP-P,05/27/2008,10,Cochi,1
La Pinta ,PP-P,05/27/2008,10,Conejo cola blanca,1
La Pinta ,PP-P,05/27/2008,10,Correcaminos,0
La Pinta ,PP-P,05/27/2008,10,Coyote,1
La Pinta ,PP-P,05/27/2008,10,Curbina plateada,1
La Pinta ,PP-P,05/27/2008,10,Delfin,1
La Pinta ,PP-P,05/27/2008,10,Escuela de peces,1
La Pinta ,PP-P,05/27/2008,10,Gallito marino,1
La Pinta ,PP-P,05/27/2008,10,Garza azul,1
La Pinta ,PP-P,05/27/2008,10,Gaviota,1
La Pinta ,PP-P,05/27/2008,10,Gobidos,0
La Pinta ,PP-P,05/27/2008,10,Guitarra,1
La Pinta ,PP-P,05/27/2008,10,Jaiba,1
La Pinta ,PP-P,05/27/2008,10,Lenguado,1
La Pinta ,PP-P,05/27/2008,10,Lisa,1
La Pinta ,PP-P,05/27/2008,10,Manta arenera,1
La Pinta ,PP-P,05/27/2008,10,Manta mariposa,1
La Pinta ,PP-P,05/27/2008,10,Mojarra,1
La Pinta ,PP-P,05/27/2008,10,Ostion,1
La Pinta ,PP-P,05/27/2008,10,Ostrero,1
La Pinta ,PP-P,05/27/2008,10,Pajarito piquilargo,1
La Pinta ,PP-P,05/27/2008,10,Pato,1
La Pinta ,PP-P,05/27/2008,10,Pelicano,1
La Pinta ,PP-P,05/27/2008,10,Pampano,1
La Pinta ,PP-P,05/27/2008,10,Pulpo,1
La Pinta ,PP-P,05/27/2008,10,Sierra,0
La Pinta ,PP-P,05/27/2008,10,Tiburon,1
La Pinta ,PP-P,05/27/2008,10,Tortuga,1
La Pinta ,PP-P,05/27/2008,10,Vibora de cascabel,1
La Pinta ,PP-P,05/27/2008,10,Deditos-Batis,1
La Pinta ,PP-P,05/27/2008,10,Sarcocornia pacifica,0
La Pinta ,PP-P,05/27/2008,10,Batis maritima,0
La Pinta ,PP-P,05/27/2008,10,Bichi,1
La Pinta ,PP-P,05/27/2008,11,Aguila,1
La Pinta ,PP-P,05/27/2008,11,Almeja chione,1
La Pinta ,PP-P,05/27/2008,11,Anchoa,1
La Pinta ,PP-P,05/27/2008,11,Angel,0
La Pinta ,PP-P,05/27/2008,11,Anguila,0
La Pinta ,PP-P,05/27/2008,11,Baqueta,0
La Pinta ,PP-P,05/27/2008,11,Baya,1
La Pinta ,PP-P,05/27/2008,11,Bocadulce,1
La Pinta ,PP-P,05/27/2008,11,Botete,1
La Pinta ,PP-P,05/27/2008,11,Buho,0
La Pinta ,PP-P,05/27/2008,11,Cabrilla,1
La Pinta ,PP-P,05/27/2008,11,Callo de hacha,1
La Pinta ,PP-P,05/27/2008,11,Camaron azul,1
La Pinta ,PP-P,05/27/2008,11,Camaron cafe,1
La Pinta ,PP-P,05/27/2008,11,Camaron fantasma,0
La Pinta ,PP-P,05/27/2008,11,Cangrejo violinista,1
La Pinta ,PP-P,05/27/2008,11,Caracol,0
La Pinta ,PP-P,05/27/2008,11,Caracol burro,1
La Pinta ,PP-P,05/27/2008,11,Caracol chino,1
La Pinta ,PP-P,05/27/2008,11,Cochi,1
La Pinta ,PP-P,05/27/2008,11,Conejo cola blanca,1
La Pinta ,PP-P,05/27/2008,11,Correcaminos,1
La Pinta ,PP-P,05/27/2008,11,Coyote,1
La Pinta ,PP-P,05/27/2008,11,Curbina plateada,1
La Pinta ,PP-P,05/27/2008,11,Delfin,1
La Pinta ,PP-P,05/27/2008,11,Escuela de peces,1
La Pinta ,PP-P,05/27/2008,11,Gallito marino,1
La Pinta ,PP-P,05/27/2008,11,Garza azul,1
La Pinta ,PP-P,05/27/2008,11,Gaviota,1
La Pinta ,PP-P,05/27/2008,11,Gobidos,1
La Pinta ,PP-P,05/27/2008,11,Guitarra,1
La Pinta ,PP-P,05/27/2008,11,Jaiba,1
La Pinta ,PP-P,05/27/2008,11,Lenguado,1
La Pinta ,PP-P,05/27/2008,11,Lisa,1
La Pinta ,PP-P,05/27/2008,11,Manta arenera,1
La Pinta ,PP-P,05/27/2008,11,Manta mariposa,0
La Pinta ,PP-P,05/27/2008,11,Mojarra,1
La Pinta ,PP-P,05/27/2008,11,Ostion,1
La Pinta ,PP-P,05/27/2008,11,Ostrero,1
La Pinta ,PP-P,05/27/2008,11,Pajarito piquilargo,1
La Pinta ,PP-P,05/27/2008,11,Pato,1
La Pinta ,PP-P,05/27/2008,11,Pelicano,1
La Pinta ,PP-P,05/27/2008,11,Pampano,1
La Pinta ,PP-P,05/27/2008,11,Pulpo,1
La Pinta ,PP-P,05/27/2008,11,Sierra,0
La Pinta ,PP-P,05/27/2008,11,Tiburon,1
La Pinta ,PP-P,05/27/2008,11,Tortuga,1
La Pinta ,PP-P,05/27/2008,11,Vibora de cascabel,1
La Pinta ,PP-P,05/27/2008,11,Deditos-Batis,1
La Pinta ,PP-P,05/27/2008,11,Sarcocornia pacifica,0
La Pinta ,PP-P,05/27/2008,11,Batis maritima,0
La Pinta ,PP-P,05/27/2008,11,Bichi,1
La Cholla ,PP-P,05/29/2008,12,Aguila,1
La Cholla ,PP-P,05/29/2008,12,Almeja chione,1
La Cholla ,PP-P,05/29/2008,12,Anchoa,1
La Cholla ,PP-P,05/29/2008,12,Angel,1
La Cholla ,PP-P,05/29/2008,12,Anguila,0
La Cholla ,PP-P,05/29/2008,12,Baqueta,1
La Cholla ,PP-P,05/29/2008,12,Baya,1
La Cholla ,PP-P,05/29/2008,12,Bocadulce,1
La Cholla ,PP-P,05/29/2008,12,Botete,1
La Cholla ,PP-P,05/29/2008,12,Buho,1
La Cholla ,PP-P,05/29/2008,12,Cabrilla,1
La Cholla ,PP-P,05/29/2008,12,Callo de hacha,1
La Cholla ,PP-P,05/29/2008,12,Camaron azul,1
La Cholla ,PP-P,05/29/2008,12,Camaron cafe,0
La Cholla ,PP-P,05/29/2008,12,Camaron fantasma,0
La Cholla ,PP-P,05/29/2008,12,Cangrejo violinista,0
La Cholla ,PP-P,05/29/2008,12,Caracol,0
La Cholla ,PP-P,05/29/2008,12,Caracol burro,1
La Cholla ,PP-P,05/29/2008,12,Caracol chino,1
La Cholla ,PP-P,05/29/2008,12,Cochi,0
La Cholla ,PP-P,05/29/2008,12,Conejo cola blanca,1
La Cholla ,PP-P,05/29/2008,12,Correcaminos,1
La Cholla ,PP-P,05/29/2008,12,Coyote,1
La Cholla ,PP-P,05/29/2008,12,Curbina plateada,1
La Cholla ,PP-P,05/29/2008,12,Delfin,1
La Cholla ,PP-P,05/29/2008,12,Escuela de peces,1
La Cholla ,PP-P,05/29/2008,12,Gallito marino,1
La Cholla ,PP-P,05/29/2008,12,Garza azul,1
La Cholla ,PP-P,05/29/2008,12,Gaviota,1
La Cholla ,PP-P,05/29/2008,12,Gobidos,0
La Cholla ,PP-P,05/29/2008,12,Guitarra,1
La Cholla ,PP-P,05/29/2008,12,Jaiba,1
La Cholla ,PP-P,05/29/2008,12,Lenguado,1
La Cholla ,PP-P,05/29/2008,12,Lisa,1
La Cholla ,PP-P,05/29/2008,12,Manta arenera,0
La Cholla ,PP-P,05/29/2008,12,Manta mariposa,0
La Cholla ,PP-P,05/29/2008,12,Mojarra,0
La Cholla ,PP-P,05/29/2008,12,Ostion,1
La Cholla ,PP-P,05/29/2008,12,Ostrero,1
La Cholla ,PP-P,05/29/2008,12,Pajarito piquilargo,1
La Cholla ,PP-P,05/29/2008,12,Pato,0
La Cholla ,PP-P,05/29/2008,12,Pelicano,1
La Cholla ,PP-P,05/29/2008,12,Pampano,1
La Cholla ,PP-P,05/29/2008,12,Pulpo,1
La Cholla ,PP-P,05/29/2008,12,Sierra,1
La Cholla ,PP-P,05/29/2008,12,Tiburon,1
La Cholla ,PP-P,05/29/2008,12,Tortuga,1
La Cholla ,PP-P,05/29/2008,12,Vibora de cascabel,1
La Cholla ,PP-P,05/29/2008,12,Deditos-Batis,0
La Cholla ,PP-P,05/29/2008,12,Sarcocornia pacifica,0
La Cholla ,PP-P,05/29/2008,12,Batis maritima,0
La Cholla ,PP-P,05/29/2008,12,Bichi,0
Almejas ,PP-P,05/01/2008,13,Aguila,0
Almejas ,PP-P,05/01/2008,13,Almeja chione,0
Almejas ,PP-P,05/01/2008,13,Anchoa,1
Almejas ,PP-P,05/01/2008,13,Angel,0
Almejas ,PP-P,05/01/2008,13,Anguila,0
Almejas ,PP-P,05/01/2008,13,Baqueta,0
Almejas ,PP-P,05/01/2008,13,Baya,0
Almejas ,PP-P,05/01/2008,13,Bocadulce,1
Almejas ,PP-P,05/01/2008,13,Botete,1
Almejas ,PP-P,05/01/2008,13,Buho,0
Almejas ,PP-P,05/01/2008,13,Cabrilla,1
Almejas ,PP-P,05/01/2008,13,Callo de hacha,0
Almejas ,PP-P,05/01/2008,13,Camaron azul,0
Almejas ,PP-P,05/01/2008,13,Camaron cafe,0
Almejas ,PP-P,05/01/2008,13,Camaron fantasma,0
Almejas ,PP-P,05/01/2008,13,Cangrejo violinista,1
Almejas ,PP-P,05/01/2008,13,Caracol,0
Almejas ,PP-P,05/01/2008,13,Caracol burro,1
Almejas ,PP-P,05/01/2008,13,Caracol chino,1
Almejas ,PP-P,05/01/2008,13,Cochi,1
Almejas ,PP-P,05/01/2008,13,Conejo cola blanca,1
Almejas ,PP-P,05/01/2008,13,Correcaminos,0
Almejas ,PP-P,05/01/2008,13,Coyote,1
Almejas ,PP-P,05/01/2008,13,Curbina plateada,0
Almejas ,PP-P,05/01/2008,13,Delfin,0
Almejas ,PP-P,05/01/2008,13,Escuela de peces,1
Almejas ,PP-P,05/01/2008,13,Gallito marino,1
Almejas ,PP-P,05/01/2008,13,Garza azul,0
Almejas ,PP-P,05/01/2008,13,Gaviota,1
Almejas ,PP-P,05/01/2008,13,Gobidos,0
Almejas ,PP-P,05/01/2008,13,Guitarra,0
Almejas ,PP-P,05/01/2008,13,Jaiba,1
Almejas ,PP-P,05/01/2008,13,Lenguado,0
Almejas ,PP-P,05/01/2008,13,Lisa,1
Almejas ,PP-P,05/01/2008,13,Manta arenera,1
Almejas ,PP-P,05/01/2008,13,Manta mariposa,0
Almejas ,PP-P,05/01/2008,13,Mojarra,0
Almejas ,PP-P,05/01/2008,13,Ostion,0
Almejas ,PP-P,05/01/2008,13,Ostrero,1
Almejas ,PP-P,05/01/2008,13,Pajarito piquilargo,0
Almejas ,PP-P,05/01/2008,13,Pato,0
Almejas ,PP-P,05/01/2008,13,Pelicano,1
Almejas ,PP-P,05/01/2008,13,Pampano,1
Almejas ,PP-P,05/01/2008,13,Pulpo,0
Almejas ,PP-P,05/01/2008,13,Sierra,1
Almejas ,PP-P,05/01/2008,13,Tiburon,0
Almejas ,PP-P,05/01/2008,13,Tortuga,1
Almejas ,PP-P,05/01/2008,13,Vibora de cascabel,1
Almejas ,PP-P,05/01/2008,13,Deditos-Batis,0
Almejas ,PP-P,05/01/2008,13,Sarcocornia pacifica,0
Almejas ,PP-P,05/01/2008,13,Batis maritima,0
Almejas ,PP-P,05/01/2008,13,Bichi,0
Bahia Adair,PP-P,05/21/2008,14,Aguila,1
Bahia Adair,PP-P,05/21/2008,14,Almeja chione,1
Bahia Adair,PP-P,05/21/2008,14,Anchoa,0
Bahia Adair,PP-P,05/21/2008,14,Angel,0
Bahia Adair,PP-P,05/21/2008,14,Anguila,0
Bahia Adair,PP-P,05/21/2008,14,Baqueta,0
Bahia Adair,PP-P,05/21/2008,14,Baya,0
Bahia Adair,PP-P,05/21/2008,14,Bocadulce,1
Bahia Adair,PP-P,05/21/2008,14,Botete,0
Bahia Adair,PP-P,05/21/2008,14,Buho,1
Bahia Adair,PP-P,05/21/2008,14,Cabrilla,0
Bahia Adair,PP-P,05/21/2008,14,Callo de hacha,1
Bahia Adair,PP-P,05/21/2008,14,Camaron azul,1
Bahia Adair,PP-P,05/21/2008,14,Camaron cafe,0
Bahia Adair,PP-P,05/21/2008,14,Camaron fantasma,0
Bahia Adair,PP-P,05/21/2008,14,Cangrejo violinista,0
Bahia Adair,PP-P,05/21/2008,14,Caracol,0
Bahia Adair,PP-P,05/21/2008,14,Caracol burro,1
Bahia Adair,PP-P,05/21/2008,14,Caracol chino,1
Bahia Adair,PP-P,05/21/2008,14,Cochi,0
Bahia Adair,PP-P,05/21/2008,14,Conejo cola blanca,0
Bahia Adair,PP-P,05/21/2008,14,Correcaminos,1
Bahia Adair,PP-P,05/21/2008,14,Coyote,0
Bahia Adair,PP-P,05/21/2008,14,Curbina plateada,1
Bahia Adair,PP-P,05/21/2008,14,Delfin,0
Bahia Adair,PP-P,05/21/2008,14,Escuela de peces,1
Bahia Adair,PP-P,05/21/2008,14,Gallito marino,1
Bahia Adair,PP-P,05/21/2008,14,Garza azul,1
Bahia Adair,PP-P,05/21/2008,14,Gaviota,1
Bahia Adair,PP-P,05/21/2008,14,Gobidos,0
Bahia Adair,PP-P,05/21/2008,14,Guitarra,1
Bahia Adair,PP-P,05/21/2008,14,Jaiba,1
Bahia Adair,PP-P,05/21/2008,14,Lenguado,1
Bahia Adair,PP-P,05/21/2008,14,Lisa,1
Bahia Adair,PP-P,05/21/2008,14,Manta arenera,1
Bahia Adair,PP-P,05/21/2008,14,Manta mariposa,1
Bahia Adair,PP-P,05/21/2008,14,Mojarra,0
Bahia Adair,PP-P,05/21/2008,14,Ostion,0
Bahia Adair,PP-P,05/21/2008,14,Ostrero,1
Bahia Adair,PP-P,05/21/2008,14,Pajarito piquilargo,1
Bahia Adair,PP-P,05/21/2008,14,Pato,0
Bahia Adair,PP-P,05/21/2008,14,Pelicano,1
Bahia Adair,PP-P,05/21/2008,14,Pampano,0
Bahia Adair,PP-P,05/21/2008,14,Pulpo,0
Bahia Adair,PP-P,05/21/2008,14,Sierra,1
Bahia Adair,PP-P,05/21/2008,14,Tiburon,1
Bahia Adair,PP-P,05/21/2008,14,Tortuga,1
Bahia Adair,PP-P,05/21/2008,14,Vibora de cascabel,1
Bahia Adair,PP-P,05/21/2008,14,Deditos-Batis,0
Bahia Adair,PP-P,05/21/2008,14,Sarcocornia pacifica,0
Bahia Adair,PP-P,05/21/2008,14,Batis maritima,0
Bahia Adair,PP-P,05/21/2008,14,Bichi,0
Bahia Adair,PP-P,04/06/2008,15,Aguila,1
Bahia Adair,PP-P,04/06/2008,15,Almeja chione,1
Bahia Adair,PP-P,04/06/2008,15,Anchoa,0
Bahia Adair,PP-P,04/06/2008,15,Angel,0
Bahia Adair,PP-P,04/06/2008,15,Anguila,0
Bahia Adair,PP-P,04/06/2008,15,Baqueta,0
Bahia Adair,PP-P,04/06/2008,15,Baya,0
Bahia Adair,PP-P,04/06/2008,15,Bocadulce,1
Bahia Adair,PP-P,04/06/2008,15,Botete,1
Bahia Adair,PP-P,04/06/2008,15,Buho,0
Bahia Adair,PP-P,04/06/2008,15,Cabrilla,0
Bahia Adair,PP-P,04/06/2008,15,Callo de hacha,1
Bahia Adair,PP-P,04/06/2008,15,Camaron azul,1
Bahia Adair,PP-P,04/06/2008,15,Camaron cafe,0
Bahia Adair,PP-P,04/06/2008,15,Camaron fantasma,0
Bahia Adair,PP-P,04/06/2008,15,Cangrejo violinista,1
Bahia Adair,PP-P,04/06/2008,15,Caracol,1
Bahia Adair,PP-P,04/06/2008,15,Caracol burro,1
Bahia Adair,PP-P,04/06/2008,15,Caracol chino,1
Bahia Adair,PP-P,04/06/2008,15,Cochi,1
Bahia Adair,PP-P,04/06/2008,15,Conejo cola blanca,1
Bahia Adair,PP-P,04/06/2008,15,Correcaminos,0
Bahia Adair,PP-P,04/06/2008,15,Coyote,1
Bahia Adair,PP-P,04/06/2008,15,Curbina plateada,1
Bahia Adair,PP-P,04/06/2008,15,Delfin,1
Bahia Adair,PP-P,04/06/2008,15,Escuela de peces,1
Bahia Adair,PP-P,04/06/2008,15,Gallito marino,1
Bahia Adair,PP-P,04/06/2008,15,Garza azul,1
Bahia Adair,PP-P,04/06/2008,15,Gaviota,1
Bahia Adair,PP-P,04/06/2008,15,Gobidos,1
Bahia Adair,PP-P,04/06/2008,15,Guitarra,0
Bahia Adair,PP-P,04/06/2008,15,Jaiba,0
Bahia Adair,PP-P,04/06/2008,15,Lenguado,1
Bahia Adair,PP-P,04/06/2008,15,Lisa,1
Bahia Adair,PP-P,04/06/2008,15,Manta arenera,1
Bahia Adair,PP-P,04/06/2008,15,Manta mariposa,0
Bahia Adair,PP-P,04/06/2008,15,Mojarra,0
Bahia Adair,PP-P,04/06/2008,15,Ostion,0
Bahia Adair,PP-P,04/06/2008,15,Ostrero,1
Bahia Adair,PP-P,04/06/2008,15,Pajarito piquilargo,1
Bahia Adair,PP-P,04/06/2008,15,Pato,1
Bahia Adair,PP-P,04/06/2008,15,Pelicano,1
Bahia Adair,PP-P,04/06/2008,15,Pampano,1
Bahia Adair,PP-P,04/06/2008,15,Pulpo,0
Bahia Adair,PP-P,04/06/2008,15,Sierra,1
Bahia Adair,PP-P,04/06/2008,15,Tiburon,1
Bahia Adair,PP-P,04/06/2008,15,Tortuga,1
Bahia Adair,PP-P,04/06/2008,15,Vibora de cascabel,0
Bahia Adair,PP-P,04/06/2008,15,Deditos-Batis,0
Bahia Adair,PP-P,04/06/2008,15,Sarcocornia pacifica,0
Bahia Adair,PP-P,04/06/2008,15,Batis maritima,0
Bahia Adair,PP-P,04/06/2008,15,Bichi,1
La Pinta ,PP-P,06/05/2008,16,Aguila,0
La Pinta ,PP-P,06/05/2008,16,Almeja chione,1
La Pinta ,PP-P,06/05/2008,16,Anchoa,0
La Pinta ,PP-P,06/05/2008,16,Angel,0
La Pinta ,PP-P,06/05/2008,16,Anguila,0
La Pinta ,PP-P,06/05/2008,16,Baqueta,0
La Pinta ,PP-P,06/05/2008,16,Baya,0
La Pinta ,PP-P,06/05/2008,16,Bocadulce,1
La Pinta ,PP-P,06/05/2008,16,Botete,0
La Pinta ,PP-P,06/05/2008,16,Buho,1
La Pinta ,PP-P,06/05/2008,16,Cabrilla,0
La Pinta ,PP-P,06/05/2008,16,Callo de hacha,0
La Pinta ,PP-P,06/05/2008,16,Camaron azul,1
La Pinta ,PP-P,06/05/2008,16,Camaron cafe,0
La Pinta ,PP-P,06/05/2008,16,Camaron fantasma,0
La Pinta ,PP-P,06/05/2008,16,Cangrejo violinista,1
La Pinta ,PP-P,06/05/2008,16,Caracol,0
La Pinta ,PP-P,06/05/2008,16,Caracol burro,1
La Pinta ,PP-P,06/05/2008,16,Caracol chino,1
La Pinta ,PP-P,06/05/2008,16,Cochi,0
La Pinta ,PP-P,06/05/2008,16,Conejo cola blanca,1
La Pinta ,PP-P,06/05/2008,16,Correcaminos,1
La Pinta ,PP-P,06/05/2008,16,Coyote,1
La Pinta ,PP-P,06/05/2008,16,Curbina plateada,1
La Pinta ,PP-P,06/05/2008,16,Delfin,1
La Pinta ,PP-P,06/05/2008,16,Escuela de peces,1
La Pinta ,PP-P,06/05/2008,16,Gallito marino,1
La Pinta ,PP-P,06/05/2008,16,Garza azul,1
La Pinta ,PP-P,06/05/2008,16,Gaviota,1
La Pinta ,PP-P,06/05/2008,16,Gobidos,0
La Pinta ,PP-P,06/05/2008,16,Guitarra,1
La Pinta ,PP-P,06/05/2008,16,Jaiba,1
La Pinta ,PP-P,06/05/2008,16,Lenguado,1
La Pinta ,PP-P,06/05/2008,16,Lisa,1
La Pinta ,PP-P,06/05/2008,16,Manta arenera,1
La Pinta ,PP-P,06/05/2008,16,Manta mariposa,0
La Pinta ,PP-P,06/05/2008,16,Mojarra,0
La Pinta ,PP-P,06/05/2008,16,Ostion,0
La Pinta ,PP-P,06/05/2008,16,Ostrero,1
La Pinta ,PP-P,06/05/2008,16,Pajarito piquilargo,1
La Pinta ,PP-P,06/05/2008,16,Pato,0
La Pinta ,PP-P,06/05/2008,16,Pelicano,1
La Pinta ,PP-P,06/05/2008,16,Pampano,1
La Pinta ,PP-P,06/05/2008,16,Pulpo,0
La Pinta ,PP-P,06/05/2008,16,Sierra,1
La Pinta ,PP-P,06/05/2008,16,Tiburon,1
La Pinta ,PP-P,06/05/2008,16,Tortuga,1
La Pinta ,PP-P,06/05/2008,16,Vibora de cascabel,0
La Pinta ,PP-P,06/05/2008,16,Deditos-Batis,0
La Pinta ,PP-P,06/05/2008,16,Sarcocornia pacifica,0
La Pinta ,PP-P,06/05/2008,16,Batis maritima,0
La Pinta ,PP-P,06/05/2008,16,Bichi,0
La Pinta ,PP-P,06/09/2008,17,Aguila,1
La Pinta ,PP-P,06/09/2008,17,Almeja chione,1
La Pinta ,PP-P,06/09/2008,17,Anchoa,0
La Pinta ,PP-P,06/09/2008,17,Angel,0
La Pinta ,PP-P,06/09/2008,17,Anguila,0
La Pinta ,PP-P,06/09/2008,17,Baqueta,1
La Pinta ,PP-P,06/09/2008,17,Baya,1
La Pinta ,PP-P,06/09/2008,17,Bocadulce,1
La Pinta ,PP-P,06/09/2008,17,Botete,1
La Pinta ,PP-P,06/09/2008,17,Buho,1
La Pinta ,PP-P,06/09/2008,17,Cabrilla,1
La Pinta ,PP-P,06/09/2008,17,Callo de hacha,1
La Pinta ,PP-P,06/09/2008,17,Camaron azul,1
La Pinta ,PP-P,06/09/2008,17,Camaron cafe,0
La Pinta ,PP-P,06/09/2008,17,Camaron fantasma,0
La Pinta ,PP-P,06/09/2008,17,Cangrejo violinista,1
La Pinta ,PP-P,06/09/2008,17,Caracol,0
La Pinta ,PP-P,06/09/2008,17,Caracol burro,1
La Pinta ,PP-P,06/09/2008,17,Caracol chino,1
La Pinta ,PP-P,06/09/2008,17,Cochi,1
La Pinta ,PP-P,06/09/2008,17,Conejo cola blanca,1
La Pinta ,PP-P,06/09/2008,17,Correcaminos,1
La Pinta ,PP-P,06/09/2008,17,Coyote,0
La Pinta ,PP-P,06/09/2008,17,Curbina plateada,0
La Pinta ,PP-P,06/09/2008,17,Delfin,1
La Pinta ,PP-P,06/09/2008,17,Escuela de peces,1
La Pinta ,PP-P,06/09/2008,17,Gallito marino,1
La Pinta ,PP-P,06/09/2008,17,Garza azul,1
La Pinta ,PP-P,06/09/2008,17,Gaviota,1
La Pinta ,PP-P,06/09/2008,17,Gobidos,0
La Pinta ,PP-P,06/09/2008,17,Guitarra,1
La Pinta ,PP-P,06/09/2008,17,Jaiba,1
La Pinta ,PP-P,06/09/2008,17,Lenguado,1
La Pinta ,PP-P,06/09/2008,17,Lisa,1
La Pinta ,PP-P,06/09/2008,17,Manta arenera,0
La Pinta ,PP-P,06/09/2008,17,Manta mariposa,0
La Pinta ,PP-P,06/09/2008,17,Mojarra,0
La Pinta ,PP-P,06/09/2008,17,Ostion,0
La Pinta ,PP-P,06/09/2008,17,Ostrero,1
La Pinta ,PP-P,06/09/2008,17,Pajarito piquilargo,1
La Pinta ,PP-P,06/09/2008,17,Pato,1
La Pinta ,PP-P,06/09/2008,17,Pelicano,0
La Pinta ,PP-P,06/09/2008,17,Pampano,0
La Pinta ,PP-P,06/09/2008,17,Pulpo,0
La Pinta ,PP-P,06/09/2008,17,Sierra,0
La Pinta ,PP-P,06/09/2008,17,Tiburon,1
La Pinta ,PP-P,06/09/2008,17,Tortuga,1
La Pinta ,PP-P,06/09/2008,17,Vibora de cascabel,1
La Pinta ,PP-P,06/09/2008,17,Deditos-Batis,0
La Pinta ,PP-P,06/09/2008,17,Sarcocornia pacifica,0
La Pinta ,PP-P,06/09/2008,17,Batis maritima,0
La Pinta ,PP-P,06/09/2008,17,Bichi,1